{"BaCay":{"hash":"5cc86","url":"https://update.chimtobangcotay.online/assets/BaCay"},"BaiCao":{"hash":"d8033","url":"https://update.chimtobangcotay.online/assets/BaiCao"},"BauCua":{"hash":"862f0","url":"https://update.chimtobangcotay.online/assets/BauCua"},"CaoThap":{"hash":"jsc","url":"https://update.chimtobangcotay.online/assets/CaoThap"},"internal":{"hash":"jsc","url":"https://update.chimtobangcotay.online/assets/internal"},"Lieng":{"hash":"102c5","url":"https://update.chimtobangcotay.online/assets/Lieng"},"Lobby":{"hash":"29c62","url":"https://update.chimtobangcotay.online/assets/Lobby"},"Loto":{"hash":"c5000","url":"https://update.chimtobangcotay.online/assets/Loto"},"main":{"hash":"jsc","url":"https://update.chimtobangcotay.online/assets/main"},"MauBinh":{"hash":"70a10","url":"https://update.chimtobangcotay.online/assets/MauBinh"},"MiniPoker":{"hash":"jsc","url":"https://update.chimtobangcotay.online/assets/MiniPoker"},"OanTuTi":{"hash":"848ae","url":"https://update.chimtobangcotay.online/assets/OanTuTi"},"Poker":{"hash":"68e62","url":"https://update.chimtobangcotay.online/assets/Poker"},"resources":{"hash":"jsc","url":"https://update.chimtobangcotay.online/assets/resources"},"Sam":{"hash":"611a1","url":"https://update.chimtobangcotay.online/assets/Sam"},"ShootFish":{"hash":"jsc","url":"https://update.chimtobangcotay.online/assets/ShootFish"},"Slot1":{"hash":"a0171","url":"https://update.chimtobangcotay.online/assets/Slot1"},"Slot10":{"hash":"070ae","url":"https://update.chimtobangcotay.online/assets/Slot10"},"Slot11Bikini":{"hash":"3cc02","url":"https://update.chimtobangcotay.online/assets/Slot11Bikini"},"Slot3":{"hash":"83a31","url":"https://update.chimtobangcotay.online/assets/Slot3"},"Slot3x3":{"hash":"44712","url":"https://update.chimtobangcotay.online/assets/Slot3x3"},"Slot3x3Gem":{"hash":"jsc","url":"https://update.chimtobangcotay.online/assets/Slot3x3Gem"},"Slot4":{"hash":"e8082","url":"https://update.chimtobangcotay.online/assets/Slot4"},"Slot6":{"hash":"78729","url":"https://update.chimtobangcotay.online/assets/Slot6"},"Slot7":{"hash":"f34af","url":"https://update.chimtobangcotay.online/assets/Slot7"},"Slot8":{"hash":"182fd","url":"https://update.chimtobangcotay.online/assets/Slot8"},"TaiXiuDouble":{"hash":"9dca0","url":"https://update.chimtobangcotay.online/assets/TaiXiuDouble"},"TaiXiuMD5":{"hash":"jsc","url":"https://update.chimtobangcotay.online/assets/TaiXiuMD5"},"TaiXiuSieuToc":{"hash":"a2690","url":"https://update.chimtobangcotay.online/assets/TaiXiuSieuToc"},"TienLen":{"hash":"ccf97","url":"https://update.chimtobangcotay.online/assets/TienLen"},"XocDia":{"hash":"jsc","url":"https://update.chimtobangcotay.online/assets/XocDia"}}