[1,["ecpdLyjvZBwrvm+cedCcQy","53HkqulAtGC5B9xtAlBlkl","814zJQmyhJJ7nLdxkMlT6m","71VhFCTINJM6/Ky3oX9nBT","89LniNuuJMKKPk91Bt4kcC","16y+YYwk1G3q0bvWWBwY9O","7a/QZLET9IDreTiBfRn2PD","farRSGvNZH3I+1PjawcVfn","50NeKwq/RFSIXb5jzjEW31","5bPRyEWbJE1Ll5sFGcN0me","c9O5Eo8xFCX6Dy5QVBK0VQ","27umM62I9LE7hOjaY3viUN","feu2TaX8BIVJc+rRFDatq1","14G1+h95BFAKrV+kUC0IA6","4a38hQeLxPoZOnD+RPS5T6","adw94Z+hpN57wutNivq8Q5","d2UF05wGFLo6d7qg6OFB2V","29FYIk+N1GYaeWH/q1NxQO","2drxLrIGhDmp4WHWpxNbew","7czanx38ZFyIJkseZ8R1+m","70uBq7BuxAPYvvpQO1kYgm","4fyPlbfNxAlq8h0use3xnR","f4nIjUJnJMwJXAB6twMM0F","bdskodEQFFj4Ohe0zkV4QA"],["node","_textureSetter","_spriteFrame","_parent","_N$file","spriteProgress","nodeSlider","lbTips","lblStatus","lb_Info","loadingBar","loadingNode","scene","_N$skeletonData","manifestUrl","_normalMaterial","_N$disabledSprite"],["cc.SpriteFrame",["cc.Node",["_name","_id","_objFlags","_active","_components","_contentSize","_parent","_trs","_children"],-1,9,5,1,7,2],["cc.Sprite",["_sizeMode","_type","_fillRange","_materials","node","_spriteFrame"],0,3,1,6],["cc.Widget",["_alignFlags","_bottom","_originalWidth","_originalHeight","node"],-1,1],["cc.Node",["_name","_parent","_components","_contentSize","_trs","_children"],2,1,2,5,7,12],["cc.Label",["_fontSize","_isSystemFontUsed","_styleFlags","_N$horizontalAlign","_N$verticalAlign","_string","_lineHeight","_materials","node"],-4,3,1],["cc.SceneAsset",["_name","asyncLoadAssets"],1],["cc.Node",["_name","_active","_parent","_components","_contentSize","_trs"],1,1,12,5,7],["cc.Canvas",["_fitWidth","_fitHeight","node","_designResolution"],1,1,5],["06c935DvwpCJ5nCCvhzAwFf",["node","lblStatus","lbTips","nodeSlider","spriteProgress"],3,1,1,1,1,1],["2ffa0G2dXNOEK/nOzR1EEZB",["node","loadingNode","loadingBar","lb_Info","manifestUrl"],3,1,1,1,1,6],["cc.Scene",["_name","_active","autoReleaseAssets","_children","_anchorPoint","_trs"],0,2,5,7],["cc.Camera",["_clearFlags","_depth","node"],1,1],["sp.Skeleton",["defaultSkin","defaultAnimation","_preCacheMode","premultipliedAlpha","_animationName","node","_materials","_N$skeletonData"],-2,1,3,6],["cc.Button",["_enabled","zoomScale","_N$enableAutoGrayEffect","_N$transition","node","_N$pressedColor","_N$disabledColor","_N$target"],-1,1,5,5,1],["cc.Slider",["_N$progress","node","_N$handle"],2,1,1]],[[1,0,3,6,4,5,7,3],[1,0,6,4,5,7,2],[2,0,4,3,5,2],[2,4,3,5,1],[1,0,6,4,5,2],[4,0,1,2,3,4,2],[7,0,1,2,3,4,5,3],[3,0,1,4,3],[6,0,1,3],[1,0,1,8,4,5,7,3],[1,0,6,8,4,5,7,2],[1,0,2,6,5,3],[1,0,6,4,7,2],[4,0,1,5,2,3,4,2],[8,0,1,2,3,3],[3,0,4,2],[3,0,2,3,4,4],[9,0,1,2,3,4,1],[10,0,1,2,3,4,1],[2,0,4,3,2],[2,1,0,4,3,5,3],[2,1,0,2,3,4],[2,4,3,1],[5,5,0,1,2,3,4,7,7],[5,0,6,1,2,3,4,8,7,7],[11,0,1,2,3,4,5,4],[12,0,1,2,3],[13,0,1,2,3,4,5,6,7,6],[14,0,1,2,3,4,5,6,7,5],[15,0,1,2,2]],[[[{"name":"bg2","rect":[1,0,1557,720],"offset":[-0.5,0],"originalSize":[1560,720],"capInsets":[0,0,0,0]}],[0],0,[0],[1],[1]],[[{"name":"bansd","rect":[0,0,87,86],"offset":[0,0],"originalSize":[87,86],"capInsets":[0,0,0,0]}],[0],0,[0],[1],[2]],[[{"name":"default_btn_disabled","rect":[0,0,40,40],"offset":[0,0],"originalSize":[40,40],"capInsets":[12,12,12,12]}],[0],0,[0],[1],[3]],[[[8,"Loading",null],[9,"Canvas","d4GmlnA4lDI7yNFulvsP6z",[-12,-13,-14,-15,-16,-17,-18],[[14,true,false,-1,[5,1560,720]],[15,45,-2],[17,-7,-6,-5,-4,-3],[18,-11,-10,-9,-8,21]],[5,1560,720],[780,360,0,0,0,0,1,1,1,1]],[10,"progress_bg",1,[-21,-22,-23,-24,-25,-26,-27],[[19,0,-19,[20]],[7,4,153.199,-20]],[5,672,75],[0,-169.301,0,0,0,0,1,1,1,1]],[13,"New Slider",2,[[[11,"Background",512,-29,[5,300,20]],-30],4,1],[-28],[5,600,43],[0,6,0,0,0,0,1,1,1,1]],[6,"Handle",false,3,[[[20,1,0,-31,[14],15],-32],4,1],[5,125.3333333,54],[300,0,0,0,0,0,1,1,1,0]],[4,"mobile-lobby-bg",1,[[2,0,-33,[0],1],[16,45,1560,720,-34]],[5,1560,720]],[21,3,0,1,[11]],[23,"Loading",25,false,3,1,1,[12]],[6,"lbTips",false,2,[[-35,[7,4,-18.066000000000003,-36]],1,4],[5,5.313914035497251,31.5],[0,-39.816,0,0,0,0,1,1,1,0.6]],[25,"New Node",false,true,[1],[0,0,0],[0,0,0,0,0,0,1,1,1,1]],[12,"Main Camera",1,[[26,7,-1,-37]],[0,0,359.4005425705421,0,0,0,1,1,1,1]],[4,"bg2",1,[[3,-38,[2],3]],[5,1557,720]],[0,"Loading",false,1,[[22,-39,[4]]],[5,185,54],[0,-232.69,0,0,0,0,1,1,1,1]],[1,"logogo88",1,[[27,"default","animation",0,false,"animation",-40,[5],6]],[5,475.42,447],[-21.066,54.622,0,0,0,0,1,0.8,0.8,1]],[0,"logogo88 copy",false,1,[[3,-41,[7],8]],[5,843,455],[-21.554,79.559,0,0,0,0,1,0.41,0.41,1]],[1,"progress_fg copy",2,[[2,0,-42,[9],10]],[5,751,18],[0,7.33,0,0,0,0,1,1,1,1]],[5,"progress_fg",2,[6],[5,747,14],[-1.671,7.712,0,0,0,0,1,1,1,1]],[5,"LabelProgress",2,[7],[5,93.13,40],[0,-41.894,0,0,0,0,1,1,1,0.6]],[24,25,25,false,3,1,1,8,[13]],[28,false,1.1,true,3,4,[4,4294967295],[4,4294967295],4],[29,1,3,19],[1,"bansd",2,[[3,-43,[16],17]],[5,87,86],[668.75,-72.5,0,0,0,0,1,1,1,1]],[0,"logongoai",false,2,[[2,0,-44,[18],19]],[5,200,200],[0,240,0,0,0,0,1,1,1,1]]],0,[0,0,1,0,0,1,0,5,6,0,6,20,0,7,18,0,8,7,0,0,1,0,9,7,0,10,6,0,11,1,0,0,1,0,-1,5,0,-2,10,0,-3,11,0,-4,12,0,-5,13,0,-6,14,0,-7,2,0,0,2,0,0,2,0,-1,15,0,-2,16,0,-3,17,0,-4,8,0,-5,3,0,-6,21,0,-7,22,0,-1,20,0,3,3,0,-2,4,0,0,4,0,-2,19,0,0,5,0,0,5,0,-1,18,0,0,8,0,0,10,0,0,11,0,0,12,0,0,13,0,0,14,0,0,15,0,0,21,0,0,22,0,12,9,1,3,9,6,0,16,7,0,17,44],[0,0,0,0,0,0,0,0,0,0,0,0,0,0,0,0,0,0,0,0,0,0,6,7,18,19,19],[-1,2,-1,2,-1,-1,13,-1,2,-1,2,-1,-1,-1,-1,2,-1,2,-1,2,-1,14,2,4,4,15,16],[0,4,0,5,0,6,7,0,8,0,9,0,0,0,0,10,0,11,0,12,0,13,14,15,16,0,17]],[[{"name":"thanh_load","rect":[0,0,737,10],"offset":[0,0],"originalSize":[737,10],"capInsets":[0,0,0,0]}],[0],0,[0],[1],[18]],[[{"name":"splash","rect":[104,0,843,455],"offset":[13.5,5.5],"originalSize":[1024,466],"capInsets":[0,0,0,0]}],[0],0,[0],[1],[19]],[[{"name":"login-loading-bar-bg","rect":[0,0,739,12],"offset":[0,0],"originalSize":[739,12],"capInsets":[0,0,0,0]}],[0],0,[0],[1],[20]],[[{"name":"bg","rect":[0,0,705,842],"offset":[0,0],"originalSize":[705,842],"capInsets":[0,0,0,0]}],[0],0,[0],[1],[21]],[[{"name":"ball","rect":[0,0,88,77],"offset":[0,0],"originalSize":[88,77],"capInsets":[0,0,0,0]}],[0],0,[0],[1],[22]],[[{"name":"logongoai","rect":[0,0,300,300],"offset":[0,0],"originalSize":[300,300],"capInsets":[0,0,0,0]}],[0],0,[0],[1],[23]]]]