[1,["eadpe97/hNerl5j8DbE1vy"],["spriteFrame"],[["cc.BitmapFont",["_name","fontSize","_fntConfig"],0]],[[0,0,1,2,4]],[[0,"roboto_30",32,{"commonHeight":33,"fontSize":32,"atlasName":"roboto_30.png","fontDefDictionary":{"9":{"xOffset":0,"yOffset":0,"xAdvance":72,"rect":{"x":0,"y":0,"width":0,"height":0}},"32":{"xOffset":0,"yOffset":0,"xAdvance":9,"rect":{"x":0,"y":0,"width":0,"height":0}},"33":{"xOffset":0,"yOffset":12,"xAdvance":6,"rect":{"x":327,"y":0,"width":4,"height":21}},"34":{"xOffset":0,"yOffset":12,"xAdvance":10,"rect":{"x":186,"y":247,"width":8,"height":8}},"35":{"xOffset":0,"yOffset":13,"xAdvance":16,"rect":{"x":202,"y":207,"width":14,"height":20}},"36":{"xOffset":0,"yOffset":10,"xAdvance":14,"rect":{"x":301,"y":0,"width":12,"height":26}},"37":{"xOffset":0,"yOffset":13,"xAdvance":25,"rect":{"x":0,"y":22,"width":23,"height":20}},"38":{"xOffset":0,"yOffset":12,"xAdvance":20,"rect":{"x":23,"y":75,"width":18,"height":21}},"39":{"xOffset":0,"yOffset":12,"xAdvance":5,"rect":{"x":59,"y":236,"width":3,"height":8}},"40":{"xOffset":0,"yOffset":12,"xAdvance":9,"rect":{"x":319,"y":215,"width":7,"height":25}},"41":{"xOffset":0,"yOffset":12,"xAdvance":9,"rect":{"x":313,"y":50,"width":7,"height":25}},"42":{"xOffset":0,"yOffset":12,"xAdvance":14,"rect":{"x":274,"y":244,"width":12,"height":11}},"43":{"xOffset":0,"yOffset":16,"xAdvance":18,"rect":{"x":42,"y":236,"width":16,"height":17}},"44":{"xOffset":0,"yOffset":29,"xAdvance":7,"rect":{"x":84,"y":42,"width":5,"height":8}},"45":{"xOffset":0,"yOffset":23,"xAdvance":10,"rect":{"x":82,"y":251,"width":8,"height":3}},"46":{"xOffset":0,"yOffset":29,"xAdvance":6,"rect":{"x":90,"y":42,"width":4,"height":4}},"47":{"xOffset":0,"yOffset":12,"xAdvance":14,"rect":{"x":301,"y":27,"width":12,"height":22}},"48":{"xOffset":0,"yOffset":13,"xAdvance":16,"rect":{"x":203,"y":0,"width":14,"height":20}},"49":{"xOffset":0,"yOffset":13,"xAdvance":10,"rect":{"x":311,"y":194,"width":8,"height":20}},"50":{"xOffset":0,"yOffset":13,"xAdvance":15,"rect":{"x":246,"y":105,"width":13,"height":20}},"51":{"xOffset":0,"yOffset":13,"xAdvance":15,"rect":{"x":232,"y":125,"width":13,"height":20}},"52":{"xOffset":0,"yOffset":13,"xAdvance":17,"rect":{"x":187,"y":22,"width":15,"height":20}},"53":{"xOffset":0,"yOffset":13,"xAdvance":15,"rect":{"x":246,"y":192,"width":13,"height":20}},"54":{"xOffset":0,"yOffset":13,"xAdvance":17,"rect":{"x":187,"y":43,"width":15,"height":20}},"55":{"xOffset":0,"yOffset":13,"xAdvance":15,"rect":{"x":246,"y":235,"width":13,"height":20}},"56":{"xOffset":0,"yOffset":13,"xAdvance":16,"rect":{"x":218,"y":104,"width":14,"height":20}},"57":{"xOffset":0,"yOffset":13,"xAdvance":16,"rect":{"x":218,"y":67,"width":14,"height":20}},"58":{"xOffset":0,"yOffset":18,"xAdvance":6,"rect":{"x":312,"y":161,"width":4,"height":15}},"59":{"xOffset":0,"yOffset":18,"xAdvance":7,"rect":{"x":321,"y":128,"width":5,"height":19}},"60":{"xOffset":0,"yOffset":16,"xAdvance":17,"rect":{"x":187,"y":64,"width":15,"height":17}},"61":{"xOffset":0,"yOffset":20,"xAdvance":18,"rect":{"x":84,"y":32,"width":16,"height":9}},"62":{"xOffset":0,"yOffset":16,"xAdvance":17,"rect":{"x":187,"y":82,"width":15,"height":17}},"63":{"xOffset":0,"yOffset":12,"xAdvance":12,"rect":{"x":301,"y":156,"width":10,"height":21}},"64":{"xOffset":0,"yOffset":15,"xAdvance":22,"rect":{"x":21,"y":234,"width":20,"height":21}},"65":{"xOffset":0,"yOffset":12,"xAdvance":20,"rect":{"x":82,"y":203,"width":18,"height":21}},"66":{"xOffset":0,"yOffset":12,"xAdvance":15,"rect":{"x":274,"y":146,"width":13,"height":21}},"67":{"xOffset":0,"yOffset":12,"xAdvance":18,"rect":{"x":139,"y":0,"width":16,"height":21}},"68":{"xOffset":0,"yOffset":12,"xAdvance":19,"rect":{"x":101,"y":232,"width":17,"height":21}},"69":{"xOffset":0,"yOffset":12,"xAdvance":14,"rect":{"x":288,"y":174,"width":12,"height":21}},"70":{"xOffset":0,"yOffset":12,"xAdvance":13,"rect":{"x":301,"y":73,"width":11,"height":21}},"71":{"xOffset":0,"yOffset":12,"xAdvance":20,"rect":{"x":82,"y":153,"width":18,"height":21}},"72":{"xOffset":0,"yOffset":12,"xAdvance":17,"rect":{"x":154,"y":232,"width":15,"height":21}},"73":{"xOffset":0,"yOffset":12,"xAdvance":5,"rect":{"x":327,"y":128,"width":3,"height":21}},"74":{"xOffset":0,"yOffset":12,"xAdvance":12,"rect":{"x":301,"y":134,"width":10,"height":21}},"75":{"xOffset":0,"yOffset":12,"xAdvance":17,"rect":{"x":156,"y":0,"width":15,"height":21}},"76":{"xOffset":0,"yOffset":12,"xAdvance":14,"rect":{"x":288,"y":196,"width":12,"height":21}},"77":{"xOffset":0,"yOffset":12,"xAdvance":24,"rect":{"x":0,"y":59,"width":22,"height":21}},"78":{"xOffset":0,"yOffset":12,"xAdvance":18,"rect":{"x":138,"y":22,"width":16,"height":21}},"79":{"xOffset":0,"yOffset":12,"xAdvance":22,"rect":{"x":0,"y":97,"width":20,"height":21}},"80":{"xOffset":0,"yOffset":12,"xAdvance":15,"rect":{"x":232,"y":146,"width":13,"height":21}},"81":{"xOffset":0,"yOffset":12,"xAdvance":22,"rect":{"x":42,"y":211,"width":20,"height":24}},"82":{"xOffset":0,"yOffset":12,"xAdvance":16,"rect":{"x":202,"y":185,"width":14,"height":21}},"83":{"xOffset":0,"yOffset":12,"xAdvance":16,"rect":{"x":217,"y":190,"width":14,"height":21}},"84":{"xOffset":0,"yOffset":12,"xAdvance":18,"rect":{"x":138,"y":69,"width":16,"height":21}},"85":{"xOffset":0,"yOffset":12,"xAdvance":17,"rect":{"x":170,"y":211,"width":15,"height":21}},"86":{"xOffset":0,"yOffset":12,"xAdvance":20,"rect":{"x":82,"y":131,"width":18,"height":21}},"87":{"xOffset":0,"yOffset":12,"xAdvance":27,"rect":{"x":0,"y":0,"width":25,"height":21}},"88":{"xOffset":0,"yOffset":12,"xAdvance":19,"rect":{"x":120,"y":98,"width":17,"height":21}},"89":{"xOffset":0,"yOffset":12,"xAdvance":18,"rect":{"x":122,"y":0,"width":16,"height":21}},"90":{"xOffset":0,"yOffset":12,"xAdvance":18,"rect":{"x":154,"y":135,"width":16,"height":21}},"91":{"xOffset":0,"yOffset":12,"xAdvance":8,"rect":{"x":321,"y":102,"width":6,"height":25}},"92":{"xOffset":0,"yOffset":12,"xAdvance":13,"rect":{"x":301,"y":50,"width":11,"height":22}},"93":{"xOffset":0,"yOffset":12,"xAdvance":8,"rect":{"x":321,"y":50,"width":6,"height":25}},"94":{"xOffset":0,"yOffset":13,"xAdvance":17,"rect":{"x":44,"y":60,"width":15,"height":14}},"95":{"xOffset":0,"yOffset":35,"xAdvance":18,"rect":{"x":103,"y":29,"width":16,"height":2}},"96":{"xOffset":0,"yOffset":12,"xAdvance":8,"rect":{"x":287,"y":250,"width":6,"height":5}},"97":{"xOffset":0,"yOffset":18,"xAdvance":15,"rect":{"x":233,"y":89,"width":13,"height":15}},"98":{"xOffset":0,"yOffset":11,"xAdvance":17,"rect":{"x":155,"y":45,"width":15,"height":22}},"99":{"xOffset":0,"yOffset":18,"xAdvance":15,"rect":{"x":274,"y":130,"width":13,"height":15}},"100":{"xOffset":0,"yOffset":11,"xAdvance":17,"rect":{"x":155,"y":90,"width":15,"height":22}},"101":{"xOffset":0,"yOffset":18,"xAdvance":15,"rect":{"x":274,"y":114,"width":13,"height":15}},"102":{"xOffset":0,"yOffset":11,"xAdvance":12,"rect":{"x":301,"y":111,"width":10,"height":22}},"103":{"xOffset":0,"yOffset":18,"xAdvance":17,"rect":{"x":187,"y":100,"width":15,"height":21}},"104":{"xOffset":0,"yOffset":11,"xAdvance":15,"rect":{"x":260,"y":95,"width":13,"height":22}},"105":{"xOffset":0,"yOffset":12,"xAdvance":6,"rect":{"x":322,"y":28,"width":4,"height":21}},"106":{"xOffset":0,"yOffset":12,"xAdvance":10,"rect":{"x":312,"y":133,"width":8,"height":27}},"107":{"xOffset":0,"yOffset":11,"xAdvance":15,"rect":{"x":247,"y":22,"width":13,"height":22}},"108":{"xOffset":0,"yOffset":11,"xAdvance":5,"rect":{"x":327,"y":182,"width":3,"height":22}},"109":{"xOffset":0,"yOffset":18,"xAdvance":24,"rect":{"x":0,"y":81,"width":22,"height":15}},"110":{"xOffset":0,"yOffset":18,"xAdvance":15,"rect":{"x":246,"y":126,"width":13,"height":15}},"111":{"xOffset":0,"yOffset":18,"xAdvance":17,"rect":{"x":186,"y":231,"width":15,"height":15}},"112":{"xOffset":0,"yOffset":18,"xAdvance":17,"rect":{"x":187,"y":122,"width":15,"height":21}},"113":{"xOffset":0,"yOffset":18,"xAdvance":17,"rect":{"x":172,"y":0,"width":15,"height":21}},"114":{"xOffset":0,"yOffset":18,"xAdvance":10,"rect":{"x":311,"y":178,"width":8,"height":15}},"115":{"xOffset":0,"yOffset":18,"xAdvance":13,"rect":{"x":301,"y":95,"width":11,"height":15}},"116":{"xOffset":0,"yOffset":14,"xAdvance":11,"rect":{"x":301,"y":178,"width":9,"height":19}},"117":{"xOffset":0,"yOffset":18,"xAdvance":16,"rect":{"x":202,"y":144,"width":14,"height":15}},"118":{"xOffset":0,"yOffset":18,"xAdvance":16,"rect":{"x":218,"y":88,"width":14,"height":15}},"119":{"xOffset":0,"yOffset":18,"xAdvance":24,"rect":{"x":0,"y":43,"width":22,"height":15}},"120":{"xOffset":0,"yOffset":18,"xAdvance":16,"rect":{"x":217,"y":235,"width":14,"height":15}},"121":{"xOffset":0,"yOffset":18,"xAdvance":16,"rect":{"x":217,"y":212,"width":14,"height":22}},"122":{"xOffset":0,"yOffset":18,"xAdvance":14,"rect":{"x":233,"y":105,"width":12,"height":15}},"123":{"xOffset":0,"yOffset":12,"xAdvance":10,"rect":{"x":310,"y":224,"width":8,"height":25}},"124":{"xOffset":0,"yOffset":10,"xAdvance":5,"rect":{"x":327,"y":150,"width":3,"height":31}},"125":{"xOffset":0,"yOffset":12,"xAdvance":10,"rect":{"x":301,"y":224,"width":8,"height":25}},"126":{"xOffset":0,"yOffset":22,"xAdvance":18,"rect":{"x":44,"y":54,"width":16,"height":5}},"192":{"xOffset":0,"yOffset":8,"xAdvance":20,"rect":{"x":65,"y":28,"width":18,"height":25}},"193":{"xOffset":0,"yOffset":8,"xAdvance":20,"rect":{"x":101,"y":92,"width":18,"height":25}},"194":{"xOffset":0,"yOffset":8,"xAdvance":20,"rect":{"x":63,"y":200,"width":18,"height":25}},"195":{"xOffset":0,"yOffset":8,"xAdvance":20,"rect":{"x":82,"y":54,"width":18,"height":25}},"200":{"xOffset":0,"yOffset":8,"xAdvance":14,"rect":{"x":275,"y":28,"width":12,"height":25}},"201":{"xOffset":0,"yOffset":8,"xAdvance":14,"rect":{"x":288,"y":218,"width":12,"height":25}},"202":{"xOffset":0,"yOffset":8,"xAdvance":14,"rect":{"x":288,"y":28,"width":12,"height":25}},"204":{"xOffset":0,"yOffset":8,"xAdvance":8,"rect":{"x":321,"y":76,"width":6,"height":25}},"205":{"xOffset":0,"yOffset":8,"xAdvance":9,"rect":{"x":313,"y":76,"width":7,"height":25}},"210":{"xOffset":0,"yOffset":7,"xAdvance":22,"rect":{"x":0,"y":119,"width":20,"height":26}},"211":{"xOffset":0,"yOffset":7,"xAdvance":22,"rect":{"x":0,"y":146,"width":20,"height":26}},"212":{"xOffset":0,"yOffset":8,"xAdvance":22,"rect":{"x":0,"y":227,"width":20,"height":25}},"213":{"xOffset":0,"yOffset":8,"xAdvance":22,"rect":{"x":0,"y":173,"width":20,"height":25}},"217":{"xOffset":0,"yOffset":8,"xAdvance":17,"rect":{"x":171,"y":48,"width":15,"height":25}},"218":{"xOffset":0,"yOffset":8,"xAdvance":17,"rect":{"x":171,"y":22,"width":15,"height":25}},"221":{"xOffset":0,"yOffset":8,"xAdvance":18,"rect":{"x":137,"y":142,"width":16,"height":25}},"224":{"xOffset":0,"yOffset":12,"xAdvance":15,"rect":{"x":233,"y":45,"width":13,"height":21}},"225":{"xOffset":0,"yOffset":12,"xAdvance":15,"rect":{"x":233,"y":67,"width":13,"height":21}},"226":{"xOffset":0,"yOffset":12,"xAdvance":15,"rect":{"x":247,"y":0,"width":13,"height":21}},"227":{"xOffset":0,"yOffset":12,"xAdvance":15,"rect":{"x":232,"y":219,"width":13,"height":21}},"232":{"xOffset":0,"yOffset":12,"xAdvance":15,"rect":{"x":261,"y":70,"width":13,"height":21}},"233":{"xOffset":0,"yOffset":12,"xAdvance":15,"rect":{"x":274,"y":92,"width":13,"height":21}},"234":{"xOffset":0,"yOffset":12,"xAdvance":15,"rect":{"x":274,"y":221,"width":13,"height":21}},"236":{"xOffset":0,"yOffset":12,"xAdvance":8,"rect":{"x":320,"y":161,"width":6,"height":21}},"237":{"xOffset":0,"yOffset":12,"xAdvance":9,"rect":{"x":314,"y":28,"width":7,"height":21}},"242":{"xOffset":0,"yOffset":12,"xAdvance":17,"rect":{"x":170,"y":233,"width":15,"height":21}},"243":{"xOffset":0,"yOffset":12,"xAdvance":17,"rect":{"x":186,"y":209,"width":15,"height":21}},"244":{"xOffset":0,"yOffset":12,"xAdvance":17,"rect":{"x":154,"y":210,"width":15,"height":21}},"245":{"xOffset":0,"yOffset":12,"xAdvance":17,"rect":{"x":155,"y":113,"width":15,"height":21}},"249":{"xOffset":0,"yOffset":12,"xAdvance":16,"rect":{"x":218,"y":0,"width":14,"height":21}},"250":{"xOffset":0,"yOffset":12,"xAdvance":16,"rect":{"x":188,"y":0,"width":14,"height":21}},"253":{"xOffset":0,"yOffset":12,"xAdvance":16,"rect":{"x":217,"y":161,"width":14,"height":28}},"258":{"xOffset":0,"yOffset":8,"xAdvance":20,"rect":{"x":82,"y":225,"width":18,"height":25}},"259":{"xOffset":0,"yOffset":12,"xAdvance":15,"rect":{"x":233,"y":0,"width":13,"height":21}},"272":{"xOffset":0,"yOffset":12,"xAdvance":22,"rect":{"x":21,"y":182,"width":20,"height":21}},"273":{"xOffset":0,"yOffset":11,"xAdvance":19,"rect":{"x":47,"y":0,"width":17,"height":22}},"296":{"xOffset":0,"yOffset":8,"xAdvance":11,"rect":{"x":301,"y":198,"width":9,"height":25}},"297":{"xOffset":0,"yOffset":12,"xAdvance":10,"rect":{"x":312,"y":111,"width":8,"height":21}},"360":{"xOffset":0,"yOffset":8,"xAdvance":17,"rect":{"x":171,"y":102,"width":15,"height":25}},"361":{"xOffset":0,"yOffset":12,"xAdvance":16,"rect":{"x":218,"y":45,"width":14,"height":21}},"416":{"xOffset":0,"yOffset":10,"xAdvance":22,"rect":{"x":26,"y":0,"width":20,"height":23}},"417":{"xOffset":0,"yOffset":15,"xAdvance":19,"rect":{"x":24,"y":24,"width":17,"height":18}},"431":{"xOffset":0,"yOffset":9,"xAdvance":20,"rect":{"x":82,"y":106,"width":18,"height":24}},"432":{"xOffset":0,"yOffset":15,"xAdvance":18,"rect":{"x":120,"y":212,"width":16,"height":18}},"7840":{"xOffset":0,"yOffset":12,"xAdvance":20,"rect":{"x":82,"y":175,"width":18,"height":27}},"7841":{"xOffset":0,"yOffset":18,"xAdvance":15,"rect":{"x":246,"y":142,"width":13,"height":21}},"7842":{"xOffset":0,"yOffset":6,"xAdvance":20,"rect":{"x":65,"y":0,"width":18,"height":27}},"7843":{"xOffset":0,"yOffset":11,"xAdvance":15,"rect":{"x":233,"y":22,"width":13,"height":22}},"7844":{"xOffset":0,"yOffset":5,"xAdvance":20,"rect":{"x":63,"y":85,"width":18,"height":28}},"7845":{"xOffset":0,"yOffset":9,"xAdvance":16,"rect":{"x":187,"y":144,"width":14,"height":24}},"7846":{"xOffset":0,"yOffset":6,"xAdvance":20,"rect":{"x":63,"y":142,"width":18,"height":27}},"7847":{"xOffset":0,"yOffset":9,"xAdvance":15,"rect":{"x":260,"y":171,"width":13,"height":24}},"7848":{"xOffset":0,"yOffset":4,"xAdvance":20,"rect":{"x":63,"y":170,"width":18,"height":29}},"7849":{"xOffset":0,"yOffset":8,"xAdvance":15,"rect":{"x":260,"y":196,"width":13,"height":25}},"7850":{"xOffset":0,"yOffset":4,"xAdvance":20,"rect":{"x":101,"y":32,"width":18,"height":29}},"7851":{"xOffset":0,"yOffset":9,"xAdvance":15,"rect":{"x":274,"y":196,"width":13,"height":24}},"7852":{"xOffset":0,"yOffset":8,"xAdvance":20,"rect":{"x":84,"y":0,"width":18,"height":31}},"7853":{"xOffset":0,"yOffset":12,"xAdvance":15,"rect":{"x":274,"y":168,"width":13,"height":27}},"7854":{"xOffset":0,"yOffset":5,"xAdvance":20,"rect":{"x":63,"y":226,"width":18,"height":28}},"7855":{"xOffset":0,"yOffset":9,"xAdvance":15,"rect":{"x":247,"y":45,"width":13,"height":24}},"7856":{"xOffset":0,"yOffset":5,"xAdvance":20,"rect":{"x":103,"y":0,"width":18,"height":28}},"7857":{"xOffset":0,"yOffset":9,"xAdvance":15,"rect":{"x":247,"y":70,"width":13,"height":24}},"7858":{"xOffset":0,"yOffset":4,"xAdvance":20,"rect":{"x":101,"y":62,"width":18,"height":29}},"7859":{"xOffset":0,"yOffset":8,"xAdvance":15,"rect":{"x":232,"y":168,"width":13,"height":25}},"7860":{"xOffset":0,"yOffset":5,"xAdvance":20,"rect":{"x":101,"y":118,"width":18,"height":28}},"7861":{"xOffset":0,"yOffset":9,"xAdvance":15,"rect":{"x":232,"y":194,"width":13,"height":24}},"7862":{"xOffset":0,"yOffset":7,"xAdvance":20,"rect":{"x":101,"y":199,"width":18,"height":32}},"7863":{"xOffset":0,"yOffset":12,"xAdvance":15,"rect":{"x":246,"y":164,"width":13,"height":27}},"7864":{"xOffset":0,"yOffset":12,"xAdvance":14,"rect":{"x":288,"y":0,"width":12,"height":27}},"7865":{"xOffset":0,"yOffset":18,"xAdvance":15,"rect":{"x":261,"y":0,"width":13,"height":21}},"7866":{"xOffset":0,"yOffset":6,"xAdvance":14,"rect":{"x":275,"y":0,"width":12,"height":27}},"7867":{"xOffset":0,"yOffset":11,"xAdvance":15,"rect":{"x":261,"y":47,"width":13,"height":22}},"7868":{"xOffset":0,"yOffset":8,"xAdvance":14,"rect":{"x":275,"y":54,"width":12,"height":25}},"7869":{"xOffset":0,"yOffset":12,"xAdvance":15,"rect":{"x":246,"y":213,"width":13,"height":21}},"7870":{"xOffset":0,"yOffset":5,"xAdvance":16,"rect":{"x":203,"y":21,"width":14,"height":28}},"7871":{"xOffset":0,"yOffset":9,"xAdvance":16,"rect":{"x":202,"y":160,"width":14,"height":24}},"7872":{"xOffset":0,"yOffset":6,"xAdvance":14,"rect":{"x":288,"y":54,"width":12,"height":27}},"7873":{"xOffset":0,"yOffset":9,"xAdvance":15,"rect":{"x":261,"y":22,"width":13,"height":24}},"7874":{"xOffset":0,"yOffset":4,"xAdvance":14,"rect":{"x":288,"y":82,"width":12,"height":29}},"7875":{"xOffset":0,"yOffset":8,"xAdvance":15,"rect":{"x":260,"y":222,"width":13,"height":25}},"7876":{"xOffset":0,"yOffset":4,"xAdvance":14,"rect":{"x":288,"y":112,"width":12,"height":29}},"7877":{"xOffset":0,"yOffset":9,"xAdvance":15,"rect":{"x":260,"y":146,"width":13,"height":24}},"7878":{"xOffset":0,"yOffset":8,"xAdvance":14,"rect":{"x":288,"y":142,"width":12,"height":31}},"7879":{"xOffset":0,"yOffset":12,"xAdvance":15,"rect":{"x":260,"y":118,"width":13,"height":27}},"7880":{"xOffset":0,"yOffset":6,"xAdvance":9,"rect":{"x":314,"y":0,"width":7,"height":27}},"7881":{"xOffset":0,"yOffset":11,"xAdvance":8,"rect":{"x":320,"y":183,"width":6,"height":22}},"7882":{"xOffset":0,"yOffset":12,"xAdvance":6,"rect":{"x":322,"y":0,"width":4,"height":27}},"7883":{"xOffset":0,"yOffset":12,"xAdvance":6,"rect":{"x":327,"y":22,"width":4,"height":27}},"7884":{"xOffset":0,"yOffset":12,"xAdvance":22,"rect":{"x":0,"y":199,"width":20,"height":27}},"7885":{"xOffset":0,"yOffset":18,"xAdvance":17,"rect":{"x":155,"y":68,"width":15,"height":21}},"7886":{"xOffset":0,"yOffset":6,"xAdvance":22,"rect":{"x":21,"y":126,"width":20,"height":27}},"7887":{"xOffset":0,"yOffset":11,"xAdvance":17,"rect":{"x":155,"y":22,"width":15,"height":22}},"7888":{"xOffset":0,"yOffset":5,"xAdvance":22,"rect":{"x":21,"y":97,"width":20,"height":28}},"7889":{"xOffset":0,"yOffset":9,"xAdvance":18,"rect":{"x":120,"y":142,"width":16,"height":24}},"7890":{"xOffset":0,"yOffset":6,"xAdvance":22,"rect":{"x":21,"y":154,"width":20,"height":27}},"7891":{"xOffset":0,"yOffset":9,"xAdvance":17,"rect":{"x":154,"y":185,"width":15,"height":24}},"7892":{"xOffset":0,"yOffset":4,"xAdvance":22,"rect":{"x":44,"y":24,"width":20,"height":29}},"7893":{"xOffset":0,"yOffset":8,"xAdvance":17,"rect":{"x":170,"y":185,"width":15,"height":25}},"7894":{"xOffset":0,"yOffset":4,"xAdvance":22,"rect":{"x":21,"y":204,"width":20,"height":29}},"7895":{"xOffset":0,"yOffset":9,"xAdvance":17,"rect":{"x":171,"y":156,"width":15,"height":24}},"7896":{"xOffset":0,"yOffset":8,"xAdvance":22,"rect":{"x":23,"y":43,"width":20,"height":31}},"7897":{"xOffset":0,"yOffset":12,"xAdvance":17,"rect":{"x":186,"y":181,"width":15,"height":27}},"7898":{"xOffset":0,"yOffset":8,"xAdvance":22,"rect":{"x":42,"y":75,"width":20,"height":25}},"7899":{"xOffset":0,"yOffset":12,"xAdvance":19,"rect":{"x":120,"y":51,"width":17,"height":21}},"7900":{"xOffset":0,"yOffset":8,"xAdvance":22,"rect":{"x":42,"y":101,"width":20,"height":25}},"7901":{"xOffset":0,"yOffset":12,"xAdvance":19,"rect":{"x":120,"y":29,"width":17,"height":21}},"7902":{"xOffset":0,"yOffset":6,"xAdvance":22,"rect":{"x":42,"y":127,"width":20,"height":27}},"7903":{"xOffset":0,"yOffset":11,"xAdvance":19,"rect":{"x":119,"y":232,"width":17,"height":22}},"7904":{"xOffset":0,"yOffset":8,"xAdvance":22,"rect":{"x":42,"y":155,"width":20,"height":25}},"7905":{"xOffset":0,"yOffset":12,"xAdvance":19,"rect":{"x":120,"y":120,"width":17,"height":21}},"7906":{"xOffset":0,"yOffset":10,"xAdvance":22,"rect":{"x":42,"y":181,"width":20,"height":29}},"7907":{"xOffset":0,"yOffset":15,"xAdvance":19,"rect":{"x":120,"y":73,"width":17,"height":24}},"7908":{"xOffset":0,"yOffset":12,"xAdvance":17,"rect":{"x":171,"y":128,"width":15,"height":27}},"7909":{"xOffset":0,"yOffset":18,"xAdvance":16,"rect":{"x":202,"y":228,"width":14,"height":21}},"7910":{"xOffset":0,"yOffset":6,"xAdvance":17,"rect":{"x":171,"y":74,"width":15,"height":27}},"7911":{"xOffset":0,"yOffset":11,"xAdvance":16,"rect":{"x":218,"y":22,"width":14,"height":22}},"7912":{"xOffset":0,"yOffset":8,"xAdvance":20,"rect":{"x":82,"y":80,"width":18,"height":25}},"7913":{"xOffset":0,"yOffset":12,"xAdvance":18,"rect":{"x":138,"y":91,"width":16,"height":21}},"7914":{"xOffset":0,"yOffset":8,"xAdvance":20,"rect":{"x":101,"y":147,"width":18,"height":25}},"7915":{"xOffset":0,"yOffset":12,"xAdvance":18,"rect":{"x":138,"y":113,"width":16,"height":21}},"7916":{"xOffset":0,"yOffset":6,"xAdvance":20,"rect":{"x":63,"y":114,"width":18,"height":27}},"7917":{"xOffset":0,"yOffset":11,"xAdvance":18,"rect":{"x":120,"y":167,"width":16,"height":22}},"7918":{"xOffset":0,"yOffset":8,"xAdvance":20,"rect":{"x":101,"y":173,"width":18,"height":25}},"7919":{"xOffset":0,"yOffset":12,"xAdvance":18,"rect":{"x":120,"y":190,"width":16,"height":21}},"7920":{"xOffset":0,"yOffset":9,"xAdvance":20,"rect":{"x":63,"y":54,"width":18,"height":30}},"7921":{"xOffset":0,"yOffset":15,"xAdvance":18,"rect":{"x":138,"y":44,"width":16,"height":24}},"7922":{"xOffset":0,"yOffset":8,"xAdvance":18,"rect":{"x":137,"y":168,"width":16,"height":25}},"7923":{"xOffset":0,"yOffset":12,"xAdvance":16,"rect":{"x":217,"y":132,"width":14,"height":28}},"7924":{"xOffset":0,"yOffset":12,"xAdvance":18,"rect":{"x":154,"y":157,"width":16,"height":27}},"7925":{"xOffset":0,"yOffset":18,"xAdvance":16,"rect":{"x":203,"y":50,"width":14,"height":22}},"7926":{"xOffset":0,"yOffset":6,"xAdvance":18,"rect":{"x":137,"y":194,"width":16,"height":27}},"7927":{"xOffset":0,"yOffset":11,"xAdvance":16,"rect":{"x":203,"y":102,"width":14,"height":29}},"7928":{"xOffset":0,"yOffset":8,"xAdvance":18,"rect":{"x":137,"y":222,"width":16,"height":25}},"7929":{"xOffset":0,"yOffset":12,"xAdvance":16,"rect":{"x":203,"y":73,"width":14,"height":28}}},"kerningDict":{}}]],0,0,[0],[0],[0]]