[1,["03hUC3zldFkrXjlPRFT52o","4cV4Q5k5lBv7cURSvcceyW"],["_textureSetter","spriteFrame"],["cc.SpriteFrame",["cc.BitmapFont",["_name","fontSize","_fntConfig"],0]],[[1,0,1,2,4]],[[[{"name":"bmRoboto-Bold","rect":[3,3,696,633],"offset":[-1,0.5],"originalSize":[704,640],"capInsets":[0,0,0,0]}],[0],0,[0],[0],[0]],[[[0,"bmRoboto-Bold",40,{"commonHeight":47,"fontSize":40,"atlasName":"bmRoboto-Bold.png","fontDefDictionary":{"32":{"xOffset":0,"yOffset":38,"xAdvance":10,"rect":{"x":40,"y":214,"width":0,"height":0}},"33":{"xOffset":3,"yOffset":8,"xAdvance":11,"rect":{"x":556,"y":474,"width":8,"height":32}},"34":{"xOffset":3,"yOffset":7,"xAdvance":17,"rect":{"x":292,"y":622,"width":14,"height":14}},"35":{"xOffset":1,"yOffset":8,"xAdvance":24,"rect":{"x":584,"y":234,"width":24,"height":32}},"36":{"xOffset":3,"yOffset":4,"xAdvance":24,"rect":{"x":244,"y":196,"width":22,"height":40}},"37":{"xOffset":2,"yOffset":8,"xAdvance":30,"rect":{"x":656,"y":44,"width":28,"height":32}},"38":{"xOffset":2,"yOffset":8,"xAdvance":27,"rect":{"x":626,"y":44,"width":28,"height":32}},"39":{"xOffset":2,"yOffset":8,"xAdvance":9,"rect":{"x":654,"y":458,"width":8,"height":14}},"40":{"xOffset":3,"yOffset":4,"xAdvance":14,"rect":{"x":460,"y":572,"width":14,"height":44}},"41":{"xOffset":1,"yOffset":4,"xAdvance":14,"rect":{"x":460,"y":526,"width":14,"height":44}},"42":{"xOffset":1,"yOffset":15,"xAdvance":17,"rect":{"x":460,"y":618,"width":18,"height":18}},"43":{"xOffset":2,"yOffset":13,"xAdvance":22,"rect":{"x":660,"y":304,"width":22,"height":24}},"44":{"xOffset":2,"yOffset":31,"xAdvance":11,"rect":{"x":128,"y":620,"width":10,"height":14}},"45":{"xOffset":3,"yOffset":22,"xAdvance":18,"rect":{"x":344,"y":222,"width":14,"height":8}},"46":{"xOffset":3,"yOffset":32,"xAdvance":12,"rect":{"x":432,"y":222,"width":8,"height":8}},"47":{"xOffset":0,"yOffset":8,"xAdvance":17,"rect":{"x":584,"y":402,"width":18,"height":34}},"48":{"xOffset":2,"yOffset":8,"xAdvance":23,"rect":{"x":412,"y":470,"width":22,"height":32}},"49":{"xOffset":4,"yOffset":8,"xAdvance":23,"rect":{"x":672,"y":368,"width":14,"height":32}},"50":{"xOffset":2,"yOffset":8,"xAdvance":23,"rect":{"x":412,"y":436,"width":22,"height":32}},"51":{"xOffset":2,"yOffset":8,"xAdvance":23,"rect":{"x":412,"y":402,"width":22,"height":32}},"52":{"xOffset":2,"yOffset":8,"xAdvance":23,"rect":{"x":558,"y":234,"width":24,"height":32}},"53":{"xOffset":3,"yOffset":8,"xAdvance":23,"rect":{"x":412,"y":368,"width":22,"height":32}},"54":{"xOffset":2,"yOffset":8,"xAdvance":23,"rect":{"x":676,"y":334,"width":22,"height":32}},"55":{"xOffset":2,"yOffset":8,"xAdvance":23,"rect":{"x":652,"y":334,"width":22,"height":32}},"56":{"xOffset":2,"yOffset":8,"xAdvance":23,"rect":{"x":628,"y":334,"width":22,"height":32}},"57":{"xOffset":2,"yOffset":8,"xAdvance":23,"rect":{"x":604,"y":334,"width":22,"height":32}},"58":{"xOffset":3,"yOffset":14,"xAdvance":12,"rect":{"x":496,"y":610,"width":8,"height":26}},"59":{"xOffset":3,"yOffset":13,"xAdvance":11,"rect":{"x":688,"y":368,"width":10,"height":32}},"60":{"xOffset":2,"yOffset":16,"xAdvance":21,"rect":{"x":612,"y":438,"width":20,"height":22}},"61":{"xOffset":3,"yOffset":17,"xAdvance":24,"rect":{"x":106,"y":620,"width":20,"height":16}},"62":{"xOffset":3,"yOffset":16,"xAdvance":21,"rect":{"x":590,"y":438,"width":20,"height":22}},"63":{"xOffset":1,"yOffset":8,"xAdvance":20,"rect":{"x":580,"y":334,"width":22,"height":32}},"64":{"xOffset":1,"yOffset":8,"xAdvance":36,"rect":{"x":2,"y":210,"width":36,"height":40}},"65":{"xOffset":1,"yOffset":8,"xAdvance":26,"rect":{"x":596,"y":44,"width":28,"height":32}},"66":{"xOffset":3,"yOffset":8,"xAdvance":26,"rect":{"x":532,"y":234,"width":24,"height":32}},"67":{"xOffset":2,"yOffset":8,"xAdvance":26,"rect":{"x":534,"y":160,"width":26,"height":32}},"68":{"xOffset":3,"yOffset":8,"xAdvance":27,"rect":{"x":506,"y":234,"width":24,"height":32}},"69":{"xOffset":3,"yOffset":8,"xAdvance":23,"rect":{"x":556,"y":334,"width":22,"height":32}},"70":{"xOffset":3,"yOffset":8,"xAdvance":23,"rect":{"x":532,"y":334,"width":22,"height":32}},"71":{"xOffset":2,"yOffset":8,"xAdvance":27,"rect":{"x":506,"y":160,"width":26,"height":32}},"72":{"xOffset":3,"yOffset":8,"xAdvance":29,"rect":{"x":478,"y":160,"width":26,"height":32}},"73":{"xOffset":4,"yOffset":8,"xAdvance":12,"rect":{"x":692,"y":234,"width":8,"height":32}},"74":{"xOffset":1,"yOffset":8,"xAdvance":23,"rect":{"x":508,"y":334,"width":22,"height":32}},"75":{"xOffset":3,"yOffset":8,"xAdvance":26,"rect":{"x":450,"y":160,"width":26,"height":32}},"76":{"xOffset":3,"yOffset":8,"xAdvance":23,"rect":{"x":484,"y":334,"width":22,"height":32}},"77":{"xOffset":3,"yOffset":8,"xAdvance":35,"rect":{"x":244,"y":44,"width":32,"height":32}},"78":{"xOffset":3,"yOffset":8,"xAdvance":29,"rect":{"x":422,"y":160,"width":26,"height":32}},"79":{"xOffset":2,"yOffset":8,"xAdvance":28,"rect":{"x":394,"y":160,"width":26,"height":32}},"80":{"xOffset":3,"yOffset":8,"xAdvance":26,"rect":{"x":480,"y":234,"width":24,"height":32}},"81":{"xOffset":2,"yOffset":9,"xAdvance":29,"rect":{"x":304,"y":120,"width":28,"height":34}},"82":{"xOffset":3,"yOffset":8,"xAdvance":26,"rect":{"x":454,"y":234,"width":24,"height":32}},"83":{"xOffset":2,"yOffset":8,"xAdvance":25,"rect":{"x":428,"y":234,"width":24,"height":32}},"84":{"xOffset":1,"yOffset":8,"xAdvance":23,"rect":{"x":402,"y":234,"width":24,"height":32}},"85":{"xOffset":3,"yOffset":8,"xAdvance":28,"rect":{"x":366,"y":160,"width":26,"height":32}},"86":{"xOffset":1,"yOffset":8,"xAdvance":26,"rect":{"x":566,"y":44,"width":28,"height":32}},"87":{"xOffset":1,"yOffset":8,"xAdvance":36,"rect":{"x":212,"y":2,"width":38,"height":32}},"88":{"xOffset":1,"yOffset":8,"xAdvance":26,"rect":{"x":536,"y":44,"width":28,"height":32}},"89":{"xOffset":1,"yOffset":8,"xAdvance":26,"rect":{"x":506,"y":44,"width":28,"height":32}},"90":{"xOffset":2,"yOffset":8,"xAdvance":23,"rect":{"x":460,"y":334,"width":22,"height":32}},"91":{"xOffset":3,"yOffset":4,"xAdvance":12,"rect":{"x":512,"y":438,"width":12,"height":42}},"92":{"xOffset":1,"yOffset":8,"xAdvance":17,"rect":{"x":502,"y":402,"width":20,"height":34}},"93":{"xOffset":1,"yOffset":4,"xAdvance":12,"rect":{"x":496,"y":566,"width":12,"height":42}},"94":{"xOffset":1,"yOffset":7,"xAdvance":18,"rect":{"x":244,"y":616,"width":18,"height":18}},"95":{"xOffset":1,"yOffset":36,"xAdvance":18,"rect":{"x":328,"y":186,"width":20,"height":8}},"96":{"xOffset":2,"yOffset":7,"xAdvance":14,"rect":{"x":350,"y":186,"width":14,"height":8}},"97":{"xOffset":2,"yOffset":16,"xAdvance":22,"rect":{"x":636,"y":304,"width":22,"height":24}},"98":{"xOffset":3,"yOffset":6,"xAdvance":23,"rect":{"x":340,"y":592,"width":22,"height":34}},"99":{"xOffset":2,"yOffset":16,"xAdvance":21,"rect":{"x":612,"y":304,"width":22,"height":24}},"100":{"xOffset":2,"yOffset":6,"xAdvance":23,"rect":{"x":340,"y":556,"width":22,"height":34}},"101":{"xOffset":2,"yOffset":16,"xAdvance":21,"rect":{"x":588,"y":304,"width":22,"height":24}},"102":{"xOffset":1,"yOffset":6,"xAdvance":14,"rect":{"x":564,"y":402,"width":18,"height":34}},"103":{"xOffset":2,"yOffset":14,"xAdvance":23,"rect":{"x":340,"y":520,"width":22,"height":34}},"104":{"xOffset":3,"yOffset":6,"xAdvance":23,"rect":{"x":340,"y":484,"width":22,"height":34}},"105":{"xOffset":3,"yOffset":6,"xAdvance":11,"rect":{"x":538,"y":572,"width":8,"height":34}},"106":{"xOffset":-1,"yOffset":6,"xAdvance":11,"rect":{"x":480,"y":526,"width":14,"height":42}},"107":{"xOffset":3,"yOffset":6,"xAdvance":22,"rect":{"x":340,"y":448,"width":22,"height":34}},"108":{"xOffset":3,"yOffset":6,"xAdvance":11,"rect":{"x":690,"y":402,"width":8,"height":34}},"109":{"xOffset":3,"yOffset":16,"xAdvance":35,"rect":{"x":344,"y":196,"width":34,"height":24}},"110":{"xOffset":3,"yOffset":16,"xAdvance":23,"rect":{"x":564,"y":304,"width":22,"height":24}},"111":{"xOffset":2,"yOffset":16,"xAdvance":23,"rect":{"x":540,"y":304,"width":22,"height":24}},"112":{"xOffset":3,"yOffset":16,"xAdvance":23,"rect":{"x":436,"y":334,"width":22,"height":32}},"113":{"xOffset":2,"yOffset":16,"xAdvance":23,"rect":{"x":412,"y":334,"width":22,"height":32}},"114":{"xOffset":3,"yOffset":16,"xAdvance":15,"rect":{"x":684,"y":304,"width":14,"height":24}},"115":{"xOffset":2,"yOffset":16,"xAdvance":21,"rect":{"x":516,"y":304,"width":22,"height":24}},"116":{"xOffset":1,"yOffset":10,"xAdvance":14,"rect":{"x":654,"y":368,"width":16,"height":30}},"117":{"xOffset":3,"yOffset":16,"xAdvance":23,"rect":{"x":492,"y":304,"width":22,"height":24}},"118":{"xOffset":1,"yOffset":16,"xAdvance":21,"rect":{"x":468,"y":304,"width":22,"height":24}},"119":{"xOffset":1,"yOffset":16,"xAdvance":30,"rect":{"x":368,"y":234,"width":32,"height":24}},"120":{"xOffset":1,"yOffset":16,"xAdvance":21,"rect":{"x":168,"y":610,"width":22,"height":24}},"121":{"xOffset":1,"yOffset":16,"xAdvance":21,"rect":{"x":342,"y":234,"width":24,"height":32}},"122":{"xOffset":2,"yOffset":16,"xAdvance":21,"rect":{"x":632,"y":368,"width":20,"height":24}},"123":{"xOffset":1,"yOffset":5,"xAdvance":14,"rect":{"x":480,"y":482,"width":14,"height":42}},"124":{"xOffset":3,"yOffset":9,"xAdvance":11,"rect":{"x":34,"y":554,"width":8,"height":36}},"125":{"xOffset":1,"yOffset":5,"xAdvance":14,"rect":{"x":480,"y":438,"width":14,"height":42}},"126":{"xOffset":3,"yOffset":20,"xAdvance":26,"rect":{"x":140,"y":624,"width":24,"height":12}},"161":{"xOffset":3,"yOffset":15,"xAdvance":12,"rect":{"x":556,"y":508,"width":8,"height":32}},"162":{"xOffset":2,"yOffset":10,"xAdvance":24,"rect":{"x":364,"y":484,"width":22,"height":34}},"163":{"xOffset":2,"yOffset":8,"xAdvance":24,"rect":{"x":636,"y":234,"width":24,"height":32}},"164":{"xOffset":2,"yOffset":12,"xAdvance":28,"rect":{"x":638,"y":196,"width":28,"height":28}},"165":{"xOffset":1,"yOffset":8,"xAdvance":25,"rect":{"x":562,"y":160,"width":26,"height":32}},"166":{"xOffset":3,"yOffset":9,"xAdvance":11,"rect":{"x":538,"y":534,"width":8,"height":36}},"167":{"xOffset":2,"yOffset":9,"xAdvance":26,"rect":{"x":218,"y":370,"width":24,"height":40}},"168":{"xOffset":4,"yOffset":9,"xAdvance":22,"rect":{"x":232,"y":36,"width":18,"height":6}},"169":{"xOffset":2,"yOffset":8,"xAdvance":32,"rect":{"x":444,"y":44,"width":30,"height":32}},"170":{"xOffset":3,"yOffset":8,"xAdvance":18,"rect":{"x":538,"y":514,"width":16,"height":18}},"171":{"xOffset":2,"yOffset":19,"xAdvance":21,"rect":{"x":654,"y":438,"width":18,"height":18}},"172":{"xOffset":3,"yOffset":20,"xAdvance":23,"rect":{"x":218,"y":622,"width":20,"height":12}},"173":{"xOffset":0,"yOffset":38,"xAdvance":0,"rect":{"x":40,"y":210,"width":2,"height":2}},"174":{"xOffset":2,"yOffset":8,"xAdvance":32,"rect":{"x":412,"y":44,"width":30,"height":32}},"175":{"xOffset":3,"yOffset":8,"xAdvance":21,"rect":{"x":212,"y":36,"width":18,"height":6}},"176":{"xOffset":3,"yOffset":7,"xAdvance":16,"rect":{"x":480,"y":612,"width":14,"height":14}},"177":{"xOffset":2,"yOffset":10,"xAdvance":22,"rect":{"x":412,"y":606,"width":20,"height":30}},"178":{"xOffset":2,"yOffset":8,"xAdvance":17,"rect":{"x":538,"y":494,"width":16,"height":18}},"179":{"xOffset":2,"yOffset":7,"xAdvance":17,"rect":{"x":674,"y":438,"width":16,"height":20}},"180":{"xOffset":3,"yOffset":7,"xAdvance":15,"rect":{"x":360,"y":222,"width":14,"height":8}},"181":{"xOffset":3,"yOffset":16,"xAdvance":25,"rect":{"x":460,"y":368,"width":22,"height":32}},"182":{"xOffset":2,"yOffset":8,"xAdvance":22,"rect":{"x":550,"y":368,"width":20,"height":32}},"183":{"xOffset":4,"yOffset":20,"xAdvance":13,"rect":{"x":442,"y":222,"width":8,"height":8}},"184":{"xOffset":2,"yOffset":36,"xAdvance":11,"rect":{"x":634,"y":458,"width":10,"height":12}},"185":{"xOffset":2,"yOffset":9,"xAdvance":12,"rect":{"x":512,"y":614,"width":10,"height":18}},"186":{"xOffset":3,"yOffset":8,"xAdvance":19,"rect":{"x":538,"y":474,"width":16,"height":18}},"187":{"xOffset":2,"yOffset":19,"xAdvance":21,"rect":{"x":634,"y":438,"width":18,"height":18}},"188":{"xOffset":4,"yOffset":8,"xAdvance":30,"rect":{"x":624,"y":120,"width":28,"height":32}},"189":{"xOffset":4,"yOffset":8,"xAdvance":31,"rect":{"x":380,"y":44,"width":30,"height":32}},"190":{"xOffset":3,"yOffset":8,"xAdvance":34,"rect":{"x":140,"y":44,"width":34,"height":32}},"191":{"xOffset":2,"yOffset":15,"xAdvance":21,"rect":{"x":436,"y":572,"width":22,"height":32}},"192":{"xOffset":1,"yOffset":0,"xAdvance":26,"rect":{"x":76,"y":264,"width":28,"height":40}},"193":{"xOffset":1,"yOffset":0,"xAdvance":26,"rect":{"x":76,"y":222,"width":28,"height":40}},"194":{"xOffset":1,"yOffset":0,"xAdvance":26,"rect":{"x":668,"y":2,"width":28,"height":40}},"195":{"xOffset":1,"yOffset":0,"xAdvance":26,"rect":{"x":638,"y":2,"width":28,"height":40}},"196":{"xOffset":1,"yOffset":2,"xAdvance":26,"rect":{"x":106,"y":240,"width":28,"height":38}},"197":{"xOffset":1,"yOffset":0,"xAdvance":26,"rect":{"x":608,"y":2,"width":28,"height":40}},"198":{"xOffset":1,"yOffset":8,"xAdvance":38,"rect":{"x":2,"y":600,"width":40,"height":32}},"199":{"xOffset":2,"yOffset":9,"xAdvance":26,"rect":{"x":420,"y":78,"width":26,"height":40}},"200":{"xOffset":3,"yOffset":0,"xAdvance":23,"rect":{"x":268,"y":196,"width":22,"height":40}},"201":{"xOffset":3,"yOffset":0,"xAdvance":23,"rect":{"x":244,"y":574,"width":22,"height":40}},"202":{"xOffset":3,"yOffset":0,"xAdvance":23,"rect":{"x":244,"y":532,"width":22,"height":40}},"203":{"xOffset":3,"yOffset":2,"xAdvance":23,"rect":{"x":292,"y":314,"width":22,"height":38}},"204":{"xOffset":-1,"yOffset":0,"xAdvance":12,"rect":{"x":496,"y":480,"width":14,"height":40}},"205":{"xOffset":4,"yOffset":0,"xAdvance":12,"rect":{"x":496,"y":438,"width":14,"height":40}},"206":{"xOffset":-1,"yOffset":0,"xAdvance":12,"rect":{"x":364,"y":562,"width":18,"height":40}},"207":{"xOffset":-1,"yOffset":2,"xAdvance":12,"rect":{"x":460,"y":402,"width":18,"height":38}},"208":{"xOffset":0,"yOffset":8,"xAdvance":27,"rect":{"x":594,"y":120,"width":28,"height":32}},"209":{"xOffset":3,"yOffset":0,"xAdvance":29,"rect":{"x":392,"y":78,"width":26,"height":40}},"210":{"xOffset":2,"yOffset":0,"xAdvance":28,"rect":{"x":364,"y":78,"width":26,"height":40}},"211":{"xOffset":2,"yOffset":0,"xAdvance":28,"rect":{"x":336,"y":78,"width":26,"height":40}},"212":{"xOffset":2,"yOffset":0,"xAdvance":28,"rect":{"x":308,"y":78,"width":26,"height":40}},"213":{"xOffset":2,"yOffset":0,"xAdvance":28,"rect":{"x":280,"y":78,"width":26,"height":40}},"214":{"xOffset":2,"yOffset":0,"xAdvance":28,"rect":{"x":252,"y":78,"width":26,"height":40}},"215":{"xOffset":2,"yOffset":13,"xAdvance":22,"rect":{"x":76,"y":614,"width":22,"height":22}},"216":{"xOffset":2,"yOffset":7,"xAdvance":28,"rect":{"x":300,"y":160,"width":26,"height":34}},"217":{"xOffset":3,"yOffset":0,"xAdvance":28,"rect":{"x":224,"y":78,"width":26,"height":40}},"218":{"xOffset":3,"yOffset":0,"xAdvance":28,"rect":{"x":196,"y":78,"width":26,"height":40}},"219":{"xOffset":3,"yOffset":0,"xAdvance":28,"rect":{"x":168,"y":78,"width":26,"height":40}},"220":{"xOffset":3,"yOffset":2,"xAdvance":28,"rect":{"x":246,"y":120,"width":26,"height":38}},"221":{"xOffset":1,"yOffset":0,"xAdvance":26,"rect":{"x":578,"y":2,"width":28,"height":40}},"222":{"xOffset":3,"yOffset":8,"xAdvance":25,"rect":{"x":610,"y":234,"width":24,"height":32}},"223":{"xOffset":3,"yOffset":6,"xAdvance":26,"rect":{"x":468,"y":196,"width":24,"height":34}},"224":{"xOffset":2,"yOffset":6,"xAdvance":22,"rect":{"x":364,"y":448,"width":22,"height":34}},"225":{"xOffset":2,"yOffset":6,"xAdvance":22,"rect":{"x":364,"y":412,"width":22,"height":34}},"226":{"xOffset":2,"yOffset":6,"xAdvance":22,"rect":{"x":364,"y":376,"width":22,"height":34}},"227":{"xOffset":2,"yOffset":6,"xAdvance":22,"rect":{"x":364,"y":340,"width":22,"height":34}},"228":{"xOffset":2,"yOffset":8,"xAdvance":22,"rect":{"x":436,"y":538,"width":22,"height":32}},"229":{"xOffset":2,"yOffset":6,"xAdvance":22,"rect":{"x":364,"y":304,"width":22,"height":34}},"230":{"xOffset":2,"yOffset":16,"xAdvance":35,"rect":{"x":432,"y":196,"width":34,"height":24}},"231":{"xOffset":2,"yOffset":15,"xAdvance":21,"rect":{"x":676,"y":268,"width":22,"height":34}},"232":{"xOffset":2,"yOffset":6,"xAdvance":21,"rect":{"x":652,"y":268,"width":22,"height":34}},"233":{"xOffset":2,"yOffset":6,"xAdvance":21,"rect":{"x":628,"y":268,"width":22,"height":34}},"234":{"xOffset":2,"yOffset":6,"xAdvance":21,"rect":{"x":604,"y":268,"width":22,"height":34}},"235":{"xOffset":2,"yOffset":8,"xAdvance":21,"rect":{"x":436,"y":504,"width":22,"height":32}},"236":{"xOffset":-1,"yOffset":8,"xAdvance":11,"rect":{"x":574,"y":438,"width":14,"height":32}},"237":{"xOffset":3,"yOffset":8,"xAdvance":11,"rect":{"x":558,"y":438,"width":14,"height":32}},"238":{"xOffset":-1,"yOffset":8,"xAdvance":11,"rect":{"x":612,"y":368,"width":18,"height":32}},"239":{"xOffset":-1,"yOffset":8,"xAdvance":11,"rect":{"x":592,"y":368,"width":18,"height":32}},"240":{"xOffset":1,"yOffset":6,"xAdvance":24,"rect":{"x":406,"y":196,"width":24,"height":34}},"241":{"xOffset":3,"yOffset":6,"xAdvance":23,"rect":{"x":580,"y":268,"width":22,"height":34}},"242":{"xOffset":2,"yOffset":6,"xAdvance":23,"rect":{"x":556,"y":268,"width":22,"height":34}},"243":{"xOffset":2,"yOffset":6,"xAdvance":23,"rect":{"x":532,"y":268,"width":22,"height":34}},"244":{"xOffset":2,"yOffset":6,"xAdvance":23,"rect":{"x":508,"y":268,"width":22,"height":34}},"245":{"xOffset":2,"yOffset":6,"xAdvance":23,"rect":{"x":484,"y":268,"width":22,"height":34}},"246":{"xOffset":2,"yOffset":8,"xAdvance":23,"rect":{"x":436,"y":470,"width":22,"height":32}},"247":{"xOffset":2,"yOffset":12,"xAdvance":23,"rect":{"x":442,"y":304,"width":24,"height":24}},"248":{"xOffset":2,"yOffset":12,"xAdvance":23,"rect":{"x":388,"y":606,"width":22,"height":30}},"249":{"xOffset":3,"yOffset":6,"xAdvance":23,"rect":{"x":460,"y":268,"width":22,"height":34}},"250":{"xOffset":3,"yOffset":6,"xAdvance":23,"rect":{"x":436,"y":268,"width":22,"height":34}},"251":{"xOffset":3,"yOffset":6,"xAdvance":23,"rect":{"x":412,"y":268,"width":22,"height":34}},"252":{"xOffset":3,"yOffset":8,"xAdvance":23,"rect":{"x":436,"y":436,"width":22,"height":32}},"253":{"xOffset":1,"yOffset":6,"xAdvance":21,"rect":{"x":192,"y":340,"width":24,"height":42}},"254":{"xOffset":3,"yOffset":6,"xAdvance":23,"rect":{"x":168,"y":482,"width":22,"height":42}},"255":{"xOffset":1,"yOffset":8,"xAdvance":21,"rect":{"x":218,"y":328,"width":24,"height":40}},"256":{"xOffset":1,"yOffset":2,"xAdvance":26,"rect":{"x":106,"y":120,"width":28,"height":38}},"257":{"xOffset":2,"yOffset":8,"xAdvance":22,"rect":{"x":388,"y":572,"width":22,"height":32}},"258":{"xOffset":1,"yOffset":0,"xAdvance":26,"rect":{"x":458,"y":2,"width":28,"height":40}},"259":{"xOffset":2,"yOffset":6,"xAdvance":22,"rect":{"x":340,"y":412,"width":22,"height":34}},"260":{"xOffset":1,"yOffset":8,"xAdvance":26,"rect":{"x":428,"y":2,"width":28,"height":40}},"261":{"xOffset":2,"yOffset":16,"xAdvance":22,"rect":{"x":388,"y":538,"width":22,"height":32}},"262":{"xOffset":2,"yOffset":0,"xAdvance":26,"rect":{"x":140,"y":582,"width":26,"height":40}},"263":{"xOffset":2,"yOffset":6,"xAdvance":21,"rect":{"x":340,"y":376,"width":22,"height":34}},"264":{"xOffset":2,"yOffset":0,"xAdvance":26,"rect":{"x":140,"y":540,"width":26,"height":40}},"265":{"xOffset":2,"yOffset":6,"xAdvance":21,"rect":{"x":340,"y":340,"width":22,"height":34}},"266":{"xOffset":2,"yOffset":0,"xAdvance":26,"rect":{"x":140,"y":498,"width":26,"height":40}},"267":{"xOffset":2,"yOffset":6,"xAdvance":21,"rect":{"x":340,"y":304,"width":22,"height":34}},"268":{"xOffset":2,"yOffset":0,"xAdvance":26,"rect":{"x":140,"y":456,"width":26,"height":40}},"269":{"xOffset":2,"yOffset":6,"xAdvance":21,"rect":{"x":340,"y":268,"width":22,"height":34}},"270":{"xOffset":3,"yOffset":0,"xAdvance":27,"rect":{"x":218,"y":286,"width":24,"height":40}},"271":{"xOffset":2,"yOffset":6,"xAdvance":23,"rect":{"x":274,"y":120,"width":28,"height":34}},"272":{"xOffset":0,"yOffset":8,"xAdvance":27,"rect":{"x":476,"y":44,"width":28,"height":32}},"273":{"xOffset":2,"yOffset":6,"xAdvance":23,"rect":{"x":318,"y":196,"width":24,"height":34}},"274":{"xOffset":3,"yOffset":2,"xAdvance":23,"rect":{"x":268,"y":442,"width":22,"height":38}},"275":{"xOffset":2,"yOffset":8,"xAdvance":21,"rect":{"x":388,"y":504,"width":22,"height":32}},"276":{"xOffset":3,"yOffset":0,"xAdvance":23,"rect":{"x":218,"y":580,"width":22,"height":40}},"277":{"xOffset":2,"yOffset":6,"xAdvance":21,"rect":{"x":316,"y":592,"width":22,"height":34}},"278":{"xOffset":3,"yOffset":2,"xAdvance":23,"rect":{"x":268,"y":402,"width":22,"height":38}},"279":{"xOffset":2,"yOffset":6,"xAdvance":21,"rect":{"x":316,"y":556,"width":22,"height":34}},"280":{"xOffset":3,"yOffset":8,"xAdvance":23,"rect":{"x":218,"y":538,"width":22,"height":40}},"281":{"xOffset":2,"yOffset":15,"xAdvance":21,"rect":{"x":388,"y":470,"width":22,"height":32}},"282":{"xOffset":3,"yOffset":0,"xAdvance":23,"rect":{"x":218,"y":496,"width":22,"height":40}},"283":{"xOffset":2,"yOffset":6,"xAdvance":21,"rect":{"x":316,"y":520,"width":22,"height":34}},"284":{"xOffset":2,"yOffset":0,"xAdvance":27,"rect":{"x":140,"y":414,"width":26,"height":40}},"285":{"xOffset":2,"yOffset":6,"xAdvance":23,"rect":{"x":168,"y":394,"width":22,"height":42}},"286":{"xOffset":2,"yOffset":0,"xAdvance":27,"rect":{"x":140,"y":372,"width":26,"height":40}},"287":{"xOffset":2,"yOffset":6,"xAdvance":23,"rect":{"x":168,"y":350,"width":22,"height":42}},"288":{"xOffset":2,"yOffset":0,"xAdvance":27,"rect":{"x":140,"y":330,"width":26,"height":40}},"289":{"xOffset":2,"yOffset":6,"xAdvance":23,"rect":{"x":168,"y":306,"width":22,"height":42}},"290":{"xOffset":2,"yOffset":7,"xAdvance":27,"rect":{"x":76,"y":394,"width":26,"height":42}},"291":{"xOffset":2,"yOffset":4,"xAdvance":23,"rect":{"x":168,"y":214,"width":22,"height":44}},"292":{"xOffset":3,"yOffset":0,"xAdvance":29,"rect":{"x":140,"y":288,"width":26,"height":40}},"293":{"xOffset":3,"yOffset":0,"xAdvance":23,"rect":{"x":218,"y":454,"width":22,"height":40}},"294":{"xOffset":1,"yOffset":8,"xAdvance":29,"rect":{"x":44,"y":602,"width":30,"height":32}},"295":{"xOffset":0,"yOffset":6,"xAdvance":23,"rect":{"x":668,"y":160,"width":24,"height":34}},"296":{"xOffset":-1,"yOffset":0,"xAdvance":12,"rect":{"x":364,"y":520,"width":18,"height":40}},"297":{"xOffset":-1,"yOffset":6,"xAdvance":11,"rect":{"x":544,"y":402,"width":18,"height":34}},"298":{"xOffset":-1,"yOffset":2,"xAdvance":12,"rect":{"x":682,"y":120,"width":18,"height":38}},"299":{"xOffset":-1,"yOffset":8,"xAdvance":11,"rect":{"x":572,"y":368,"width":18,"height":32}},"300":{"xOffset":0,"yOffset":0,"xAdvance":12,"rect":{"x":460,"y":484,"width":16,"height":40}},"301":{"xOffset":-1,"yOffset":6,"xAdvance":11,"rect":{"x":640,"y":402,"width":16,"height":34}},"302":{"xOffset":1,"yOffset":8,"xAdvance":12,"rect":{"x":512,"y":482,"width":12,"height":40}},"303":{"xOffset":1,"yOffset":6,"xAdvance":11,"rect":{"x":496,"y":522,"width":12,"height":42}},"304":{"xOffset":3,"yOffset":2,"xAdvance":12,"rect":{"x":526,"y":516,"width":10,"height":38}},"305":{"xOffset":3,"yOffset":16,"xAdvance":11,"rect":{"x":538,"y":608,"width":8,"height":24}},"306":{"xOffset":4,"yOffset":8,"xAdvance":34,"rect":{"x":210,"y":44,"width":32,"height":32}},"307":{"xOffset":3,"yOffset":6,"xAdvance":22,"rect":{"x":268,"y":238,"width":20,"height":42}},"308":{"xOffset":1,"yOffset":0,"xAdvance":23,"rect":{"x":140,"y":246,"width":26,"height":40}},"309":{"xOffset":-1,"yOffset":8,"xAdvance":12,"rect":{"x":682,"y":78,"width":18,"height":40}},"310":{"xOffset":3,"yOffset":7,"xAdvance":26,"rect":{"x":76,"y":350,"width":26,"height":42}},"311":{"xOffset":3,"yOffset":5,"xAdvance":22,"rect":{"x":168,"y":168,"width":22,"height":44}},"312":{"xOffset":3,"yOffset":16,"xAdvance":24,"rect":{"x":416,"y":304,"width":24,"height":24}},"313":{"xOffset":3,"yOffset":2,"xAdvance":23,"rect":{"x":268,"y":362,"width":22,"height":38}},"314":{"xOffset":3,"yOffset":0,"xAdvance":11,"rect":{"x":480,"y":570,"width":14,"height":40}},"315":{"xOffset":3,"yOffset":9,"xAdvance":23,"rect":{"x":218,"y":412,"width":22,"height":40}},"316":{"xOffset":3,"yOffset":5,"xAdvance":11,"rect":{"x":512,"y":524,"width":10,"height":44}},"317":{"xOffset":3,"yOffset":8,"xAdvance":23,"rect":{"x":388,"y":436,"width":22,"height":32}},"318":{"xOffset":3,"yOffset":6,"xAdvance":11,"rect":{"x":622,"y":402,"width":16,"height":34}},"319":{"xOffset":3,"yOffset":8,"xAdvance":23,"rect":{"x":388,"y":402,"width":22,"height":32}},"320":{"xOffset":3,"yOffset":6,"xAdvance":11,"rect":{"x":542,"y":438,"width":14,"height":34}},"321":{"xOffset":1,"yOffset":8,"xAdvance":21,"rect":{"x":316,"y":234,"width":24,"height":32}},"322":{"xOffset":1,"yOffset":6,"xAdvance":12,"rect":{"x":526,"y":438,"width":14,"height":34}},"323":{"xOffset":3,"yOffset":0,"xAdvance":29,"rect":{"x":140,"y":204,"width":26,"height":40}},"324":{"xOffset":3,"yOffset":6,"xAdvance":23,"rect":{"x":316,"y":484,"width":22,"height":34}},"325":{"xOffset":3,"yOffset":9,"xAdvance":29,"rect":{"x":140,"y":162,"width":26,"height":40}},"326":{"xOffset":3,"yOffset":15,"xAdvance":23,"rect":{"x":316,"y":448,"width":22,"height":34}},"327":{"xOffset":3,"yOffset":0,"xAdvance":29,"rect":{"x":140,"y":120,"width":26,"height":40}},"328":{"xOffset":3,"yOffset":6,"xAdvance":23,"rect":{"x":316,"y":412,"width":22,"height":34}},"329":{"xOffset":0,"yOffset":6,"xAdvance":23,"rect":{"x":642,"y":160,"width":24,"height":34}},"330":{"xOffset":3,"yOffset":8,"xAdvance":29,"rect":{"x":140,"y":78,"width":26,"height":40}},"331":{"xOffset":3,"yOffset":14,"xAdvance":23,"rect":{"x":316,"y":376,"width":22,"height":34}},"332":{"xOffset":2,"yOffset":2,"xAdvance":28,"rect":{"x":626,"y":78,"width":26,"height":38}},"333":{"xOffset":2,"yOffset":8,"xAdvance":23,"rect":{"x":388,"y":368,"width":22,"height":32}},"334":{"xOffset":2,"yOffset":0,"xAdvance":28,"rect":{"x":106,"y":578,"width":26,"height":40}},"335":{"xOffset":2,"yOffset":6,"xAdvance":23,"rect":{"x":316,"y":340,"width":22,"height":34}},"336":{"xOffset":2,"yOffset":0,"xAdvance":28,"rect":{"x":106,"y":536,"width":26,"height":40}},"337":{"xOffset":2,"yOffset":6,"xAdvance":23,"rect":{"x":616,"y":160,"width":24,"height":34}},"338":{"xOffset":2,"yOffset":8,"xAdvance":39,"rect":{"x":360,"y":2,"width":36,"height":32}},"339":{"xOffset":2,"yOffset":16,"xAdvance":37,"rect":{"x":328,"y":160,"width":36,"height":24}},"340":{"xOffset":3,"yOffset":0,"xAdvance":26,"rect":{"x":218,"y":244,"width":24,"height":40}},"341":{"xOffset":3,"yOffset":6,"xAdvance":15,"rect":{"x":604,"y":402,"width":16,"height":34}},"342":{"xOffset":3,"yOffset":9,"xAdvance":26,"rect":{"x":218,"y":202,"width":24,"height":40}},"343":{"xOffset":3,"yOffset":15,"xAdvance":15,"rect":{"x":674,"y":402,"width":14,"height":34}},"344":{"xOffset":3,"yOffset":0,"xAdvance":26,"rect":{"x":218,"y":160,"width":24,"height":40}},"345":{"xOffset":1,"yOffset":6,"xAdvance":15,"rect":{"x":524,"y":402,"width":18,"height":34}},"346":{"xOffset":2,"yOffset":0,"xAdvance":25,"rect":{"x":192,"y":594,"width":24,"height":40}},"347":{"xOffset":2,"yOffset":6,"xAdvance":21,"rect":{"x":316,"y":304,"width":22,"height":34}},"348":{"xOffset":2,"yOffset":0,"xAdvance":25,"rect":{"x":192,"y":552,"width":24,"height":40}},"349":{"xOffset":2,"yOffset":6,"xAdvance":21,"rect":{"x":316,"y":268,"width":22,"height":34}},"350":{"xOffset":2,"yOffset":9,"xAdvance":25,"rect":{"x":192,"y":510,"width":24,"height":40}},"351":{"xOffset":2,"yOffset":15,"xAdvance":21,"rect":{"x":292,"y":586,"width":22,"height":34}},"352":{"xOffset":2,"yOffset":0,"xAdvance":25,"rect":{"x":192,"y":468,"width":24,"height":40}},"353":{"xOffset":2,"yOffset":6,"xAdvance":21,"rect":{"x":292,"y":550,"width":22,"height":34}},"354":{"xOffset":1,"yOffset":9,"xAdvance":23,"rect":{"x":192,"y":426,"width":24,"height":40}},"355":{"xOffset":1,"yOffset":9,"xAdvance":14,"rect":{"x":460,"y":442,"width":16,"height":40}},"356":{"xOffset":1,"yOffset":0,"xAdvance":23,"rect":{"x":192,"y":384,"width":24,"height":40}},"357":{"xOffset":1,"yOffset":6,"xAdvance":14,"rect":{"x":480,"y":402,"width":20,"height":34}},"358":{"xOffset":1,"yOffset":8,"xAdvance":23,"rect":{"x":668,"y":196,"width":24,"height":32}},"359":{"xOffset":0,"yOffset":10,"xAdvance":14,"rect":{"x":436,"y":606,"width":16,"height":30}},"360":{"xOffset":3,"yOffset":0,"xAdvance":28,"rect":{"x":106,"y":494,"width":26,"height":40}},"361":{"xOffset":3,"yOffset":6,"xAdvance":23,"rect":{"x":292,"y":514,"width":22,"height":34}},"362":{"xOffset":3,"yOffset":2,"xAdvance":28,"rect":{"x":598,"y":78,"width":26,"height":38}},"363":{"xOffset":3,"yOffset":8,"xAdvance":23,"rect":{"x":388,"y":334,"width":22,"height":32}},"364":{"xOffset":3,"yOffset":0,"xAdvance":28,"rect":{"x":106,"y":452,"width":26,"height":40}},"365":{"xOffset":3,"yOffset":6,"xAdvance":23,"rect":{"x":292,"y":478,"width":22,"height":34}},"366":{"xOffset":3,"yOffset":0,"xAdvance":28,"rect":{"x":106,"y":410,"width":26,"height":40}},"367":{"xOffset":3,"yOffset":6,"xAdvance":23,"rect":{"x":292,"y":442,"width":22,"height":34}},"368":{"xOffset":3,"yOffset":0,"xAdvance":28,"rect":{"x":106,"y":368,"width":26,"height":40}},"369":{"xOffset":3,"yOffset":6,"xAdvance":23,"rect":{"x":590,"y":160,"width":24,"height":34}},"370":{"xOffset":3,"yOffset":8,"xAdvance":28,"rect":{"x":106,"y":326,"width":26,"height":40}},"371":{"xOffset":3,"yOffset":16,"xAdvance":23,"rect":{"x":364,"y":604,"width":22,"height":32}},"372":{"xOffset":1,"yOffset":0,"xAdvance":36,"rect":{"x":2,"y":44,"width":38,"height":40}},"373":{"xOffset":1,"yOffset":8,"xAdvance":30,"rect":{"x":176,"y":44,"width":32,"height":32}},"374":{"xOffset":1,"yOffset":0,"xAdvance":26,"rect":{"x":398,"y":2,"width":28,"height":40}},"375":{"xOffset":1,"yOffset":6,"xAdvance":21,"rect":{"x":192,"y":164,"width":24,"height":42}},"376":{"xOffset":1,"yOffset":2,"xAdvance":26,"rect":{"x":106,"y":80,"width":28,"height":38}},"377":{"xOffset":2,"yOffset":0,"xAdvance":23,"rect":{"x":168,"y":568,"width":22,"height":40}},"378":{"xOffset":2,"yOffset":8,"xAdvance":21,"rect":{"x":528,"y":368,"width":20,"height":32}},"379":{"xOffset":2,"yOffset":2,"xAdvance":23,"rect":{"x":268,"y":322,"width":22,"height":38}},"380":{"xOffset":2,"yOffset":8,"xAdvance":21,"rect":{"x":506,"y":368,"width":20,"height":32}},"381":{"xOffset":2,"yOffset":0,"xAdvance":23,"rect":{"x":168,"y":526,"width":22,"height":40}},"382":{"xOffset":2,"yOffset":8,"xAdvance":21,"rect":{"x":484,"y":368,"width":20,"height":32}},"383":{"xOffset":3,"yOffset":6,"xAdvance":11,"rect":{"x":658,"y":402,"width":14,"height":34}},"384":{"xOffset":0,"yOffset":0,"xAdvance":0,"rect":{"x":38,"y":302,"width":0,"height":0}},"385":{"xOffset":0,"yOffset":0,"xAdvance":0,"rect":{"x":42,"y":300,"width":0,"height":0}},"386":{"xOffset":0,"yOffset":0,"xAdvance":0,"rect":{"x":40,"y":300,"width":0,"height":0}},"387":{"xOffset":0,"yOffset":0,"xAdvance":0,"rect":{"x":38,"y":300,"width":0,"height":0}},"388":{"xOffset":0,"yOffset":0,"xAdvance":0,"rect":{"x":42,"y":298,"width":0,"height":0}},"389":{"xOffset":0,"yOffset":0,"xAdvance":0,"rect":{"x":40,"y":298,"width":0,"height":0}},"390":{"xOffset":0,"yOffset":0,"xAdvance":0,"rect":{"x":38,"y":298,"width":0,"height":0}},"391":{"xOffset":0,"yOffset":0,"xAdvance":0,"rect":{"x":42,"y":296,"width":0,"height":0}},"392":{"xOffset":0,"yOffset":0,"xAdvance":0,"rect":{"x":40,"y":296,"width":0,"height":0}},"393":{"xOffset":0,"yOffset":0,"xAdvance":0,"rect":{"x":38,"y":296,"width":0,"height":0}},"394":{"xOffset":0,"yOffset":0,"xAdvance":0,"rect":{"x":42,"y":294,"width":0,"height":0}},"395":{"xOffset":0,"yOffset":0,"xAdvance":0,"rect":{"x":40,"y":294,"width":0,"height":0}},"396":{"xOffset":0,"yOffset":0,"xAdvance":0,"rect":{"x":42,"y":292,"width":0,"height":0}},"397":{"xOffset":0,"yOffset":0,"xAdvance":0,"rect":{"x":40,"y":292,"width":0,"height":0}},"398":{"xOffset":0,"yOffset":0,"xAdvance":0,"rect":{"x":38,"y":294,"width":0,"height":0}},"399":{"xOffset":0,"yOffset":0,"xAdvance":0,"rect":{"x":38,"y":292,"width":0,"height":0}},"400":{"xOffset":0,"yOffset":0,"xAdvance":0,"rect":{"x":42,"y":290,"width":0,"height":0}},"401":{"xOffset":0,"yOffset":0,"xAdvance":0,"rect":{"x":40,"y":290,"width":0,"height":0}},"402":{"xOffset":0,"yOffset":6,"xAdvance":15,"rect":{"x":292,"y":398,"width":18,"height":42}},"403":{"xOffset":0,"yOffset":0,"xAdvance":0,"rect":{"x":38,"y":290,"width":0,"height":0}},"404":{"xOffset":0,"yOffset":0,"xAdvance":0,"rect":{"x":42,"y":288,"width":0,"height":0}},"405":{"xOffset":0,"yOffset":0,"xAdvance":0,"rect":{"x":40,"y":288,"width":0,"height":0}},"406":{"xOffset":0,"yOffset":0,"xAdvance":0,"rect":{"x":38,"y":288,"width":0,"height":0}},"407":{"xOffset":0,"yOffset":0,"xAdvance":0,"rect":{"x":42,"y":286,"width":0,"height":0}},"408":{"xOffset":0,"yOffset":0,"xAdvance":0,"rect":{"x":40,"y":286,"width":0,"height":0}},"409":{"xOffset":0,"yOffset":0,"xAdvance":0,"rect":{"x":38,"y":286,"width":0,"height":0}},"410":{"xOffset":0,"yOffset":0,"xAdvance":0,"rect":{"x":42,"y":284,"width":0,"height":0}},"411":{"xOffset":0,"yOffset":0,"xAdvance":0,"rect":{"x":40,"y":284,"width":0,"height":0}},"412":{"xOffset":0,"yOffset":0,"xAdvance":0,"rect":{"x":38,"y":284,"width":0,"height":0}},"413":{"xOffset":0,"yOffset":0,"xAdvance":0,"rect":{"x":42,"y":282,"width":0,"height":0}},"414":{"xOffset":0,"yOffset":0,"xAdvance":0,"rect":{"x":40,"y":282,"width":0,"height":0}},"415":{"xOffset":0,"yOffset":0,"xAdvance":0,"rect":{"x":38,"y":282,"width":0,"height":0}},"416":{"xOffset":2,"yOffset":6,"xAdvance":29,"rect":{"x":106,"y":44,"width":32,"height":34}},"417":{"xOffset":2,"yOffset":12,"xAdvance":24,"rect":{"x":388,"y":304,"width":26,"height":28}},"418":{"xOffset":0,"yOffset":0,"xAdvance":0,"rect":{"x":42,"y":280,"width":0,"height":0}},"419":{"xOffset":0,"yOffset":0,"xAdvance":0,"rect":{"x":40,"y":280,"width":0,"height":0}},"420":{"xOffset":0,"yOffset":0,"xAdvance":0,"rect":{"x":38,"y":280,"width":0,"height":0}},"421":{"xOffset":0,"yOffset":0,"xAdvance":0,"rect":{"x":42,"y":278,"width":0,"height":0}},"422":{"xOffset":0,"yOffset":0,"xAdvance":0,"rect":{"x":40,"y":278,"width":0,"height":0}},"423":{"xOffset":0,"yOffset":0,"xAdvance":0,"rect":{"x":38,"y":278,"width":0,"height":0}},"424":{"xOffset":0,"yOffset":0,"xAdvance":0,"rect":{"x":42,"y":276,"width":0,"height":0}},"425":{"xOffset":0,"yOffset":0,"xAdvance":0,"rect":{"x":40,"y":276,"width":0,"height":0}},"426":{"xOffset":0,"yOffset":0,"xAdvance":0,"rect":{"x":38,"y":276,"width":0,"height":0}},"427":{"xOffset":0,"yOffset":0,"xAdvance":0,"rect":{"x":42,"y":274,"width":0,"height":0}},"428":{"xOffset":0,"yOffset":0,"xAdvance":0,"rect":{"x":40,"y":274,"width":0,"height":0}},"429":{"xOffset":0,"yOffset":0,"xAdvance":0,"rect":{"x":38,"y":274,"width":0,"height":0}},"430":{"xOffset":0,"yOffset":0,"xAdvance":0,"rect":{"x":42,"y":272,"width":0,"height":0}},"431":{"xOffset":3,"yOffset":6,"xAdvance":29,"rect":{"x":288,"y":2,"width":34,"height":34}},"432":{"xOffset":3,"yOffset":14,"xAdvance":23,"rect":{"x":662,"y":234,"width":28,"height":26}},"433":{"xOffset":0,"yOffset":0,"xAdvance":0,"rect":{"x":40,"y":272,"width":0,"height":0}},"434":{"xOffset":0,"yOffset":0,"xAdvance":0,"rect":{"x":38,"y":272,"width":0,"height":0}},"435":{"xOffset":0,"yOffset":0,"xAdvance":0,"rect":{"x":42,"y":270,"width":0,"height":0}},"436":{"xOffset":0,"yOffset":0,"xAdvance":0,"rect":{"x":40,"y":270,"width":0,"height":0}},"437":{"xOffset":0,"yOffset":0,"xAdvance":0,"rect":{"x":38,"y":270,"width":0,"height":0}},"438":{"xOffset":0,"yOffset":0,"xAdvance":0,"rect":{"x":42,"y":268,"width":0,"height":0}},"439":{"xOffset":0,"yOffset":0,"xAdvance":0,"rect":{"x":40,"y":268,"width":0,"height":0}},"440":{"xOffset":0,"yOffset":0,"xAdvance":0,"rect":{"x":38,"y":268,"width":0,"height":0}},"441":{"xOffset":0,"yOffset":0,"xAdvance":0,"rect":{"x":42,"y":266,"width":0,"height":0}},"442":{"xOffset":0,"yOffset":0,"xAdvance":0,"rect":{"x":40,"y":266,"width":0,"height":0}},"443":{"xOffset":0,"yOffset":0,"xAdvance":0,"rect":{"x":38,"y":266,"width":0,"height":0}},"444":{"xOffset":0,"yOffset":0,"xAdvance":0,"rect":{"x":42,"y":264,"width":0,"height":0}},"445":{"xOffset":0,"yOffset":0,"xAdvance":0,"rect":{"x":40,"y":264,"width":0,"height":0}},"446":{"xOffset":0,"yOffset":0,"xAdvance":0,"rect":{"x":38,"y":264,"width":0,"height":0}},"447":{"xOffset":0,"yOffset":0,"xAdvance":0,"rect":{"x":42,"y":262,"width":0,"height":0}},"448":{"xOffset":0,"yOffset":0,"xAdvance":0,"rect":{"x":40,"y":262,"width":0,"height":0}},"449":{"xOffset":0,"yOffset":0,"xAdvance":0,"rect":{"x":38,"y":262,"width":0,"height":0}},"450":{"xOffset":0,"yOffset":0,"xAdvance":0,"rect":{"x":42,"y":260,"width":0,"height":0}},"451":{"xOffset":0,"yOffset":0,"xAdvance":0,"rect":{"x":40,"y":260,"width":0,"height":0}},"452":{"xOffset":0,"yOffset":0,"xAdvance":0,"rect":{"x":38,"y":260,"width":0,"height":0}},"453":{"xOffset":0,"yOffset":0,"xAdvance":0,"rect":{"x":42,"y":258,"width":0,"height":0}},"454":{"xOffset":0,"yOffset":0,"xAdvance":0,"rect":{"x":40,"y":258,"width":0,"height":0}},"455":{"xOffset":0,"yOffset":0,"xAdvance":0,"rect":{"x":38,"y":258,"width":0,"height":0}},"456":{"xOffset":0,"yOffset":0,"xAdvance":0,"rect":{"x":42,"y":256,"width":0,"height":0}},"457":{"xOffset":0,"yOffset":0,"xAdvance":0,"rect":{"x":40,"y":256,"width":0,"height":0}},"458":{"xOffset":0,"yOffset":0,"xAdvance":0,"rect":{"x":38,"y":256,"width":0,"height":0}},"459":{"xOffset":0,"yOffset":0,"xAdvance":0,"rect":{"x":42,"y":254,"width":0,"height":0}},"460":{"xOffset":0,"yOffset":0,"xAdvance":0,"rect":{"x":40,"y":254,"width":0,"height":0}},"461":{"xOffset":0,"yOffset":0,"xAdvance":0,"rect":{"x":38,"y":254,"width":0,"height":0}},"462":{"xOffset":0,"yOffset":0,"xAdvance":0,"rect":{"x":42,"y":252,"width":0,"height":0}},"463":{"xOffset":0,"yOffset":0,"xAdvance":0,"rect":{"x":40,"y":252,"width":0,"height":0}},"464":{"xOffset":0,"yOffset":0,"xAdvance":0,"rect":{"x":38,"y":252,"width":0,"height":0}},"465":{"xOffset":0,"yOffset":0,"xAdvance":0,"rect":{"x":42,"y":250,"width":0,"height":0}},"466":{"xOffset":0,"yOffset":0,"xAdvance":0,"rect":{"x":40,"y":250,"width":0,"height":0}},"467":{"xOffset":0,"yOffset":0,"xAdvance":0,"rect":{"x":42,"y":248,"width":0,"height":0}},"468":{"xOffset":0,"yOffset":0,"xAdvance":0,"rect":{"x":40,"y":248,"width":0,"height":0}},"469":{"xOffset":0,"yOffset":0,"xAdvance":0,"rect":{"x":42,"y":246,"width":0,"height":0}},"470":{"xOffset":0,"yOffset":0,"xAdvance":0,"rect":{"x":40,"y":246,"width":0,"height":0}},"471":{"xOffset":0,"yOffset":0,"xAdvance":0,"rect":{"x":42,"y":244,"width":0,"height":0}},"472":{"xOffset":0,"yOffset":0,"xAdvance":0,"rect":{"x":40,"y":244,"width":0,"height":0}},"473":{"xOffset":0,"yOffset":0,"xAdvance":0,"rect":{"x":42,"y":242,"width":0,"height":0}},"474":{"xOffset":0,"yOffset":0,"xAdvance":0,"rect":{"x":40,"y":242,"width":0,"height":0}},"475":{"xOffset":0,"yOffset":0,"xAdvance":0,"rect":{"x":42,"y":240,"width":0,"height":0}},"476":{"xOffset":0,"yOffset":0,"xAdvance":0,"rect":{"x":40,"y":240,"width":0,"height":0}},"477":{"xOffset":0,"yOffset":0,"xAdvance":0,"rect":{"x":42,"y":238,"width":0,"height":0}},"478":{"xOffset":0,"yOffset":0,"xAdvance":0,"rect":{"x":40,"y":238,"width":0,"height":0}},"479":{"xOffset":0,"yOffset":0,"xAdvance":0,"rect":{"x":42,"y":236,"width":0,"height":0}},"480":{"xOffset":0,"yOffset":0,"xAdvance":0,"rect":{"x":40,"y":236,"width":0,"height":0}},"481":{"xOffset":0,"yOffset":0,"xAdvance":0,"rect":{"x":42,"y":234,"width":0,"height":0}},"482":{"xOffset":0,"yOffset":0,"xAdvance":0,"rect":{"x":40,"y":234,"width":0,"height":0}},"483":{"xOffset":0,"yOffset":0,"xAdvance":0,"rect":{"x":42,"y":232,"width":0,"height":0}},"484":{"xOffset":0,"yOffset":0,"xAdvance":0,"rect":{"x":40,"y":232,"width":0,"height":0}},"485":{"xOffset":0,"yOffset":0,"xAdvance":0,"rect":{"x":42,"y":230,"width":0,"height":0}},"486":{"xOffset":0,"yOffset":0,"xAdvance":0,"rect":{"x":40,"y":230,"width":0,"height":0}},"487":{"xOffset":0,"yOffset":0,"xAdvance":0,"rect":{"x":42,"y":228,"width":0,"height":0}},"488":{"xOffset":0,"yOffset":0,"xAdvance":0,"rect":{"x":40,"y":228,"width":0,"height":0}},"489":{"xOffset":0,"yOffset":0,"xAdvance":0,"rect":{"x":42,"y":226,"width":0,"height":0}},"490":{"xOffset":0,"yOffset":0,"xAdvance":0,"rect":{"x":40,"y":226,"width":0,"height":0}},"491":{"xOffset":0,"yOffset":0,"xAdvance":0,"rect":{"x":42,"y":224,"width":0,"height":0}},"492":{"xOffset":0,"yOffset":0,"xAdvance":0,"rect":{"x":40,"y":224,"width":0,"height":0}},"493":{"xOffset":0,"yOffset":0,"xAdvance":0,"rect":{"x":42,"y":222,"width":0,"height":0}},"494":{"xOffset":0,"yOffset":0,"xAdvance":0,"rect":{"x":40,"y":222,"width":0,"height":0}},"495":{"xOffset":0,"yOffset":0,"xAdvance":0,"rect":{"x":42,"y":220,"width":0,"height":0}},"496":{"xOffset":-2,"yOffset":6,"xAdvance":12,"rect":{"x":292,"y":354,"width":18,"height":42}},"497":{"xOffset":0,"yOffset":0,"xAdvance":0,"rect":{"x":40,"y":220,"width":0,"height":0}},"498":{"xOffset":0,"yOffset":0,"xAdvance":0,"rect":{"x":42,"y":218,"width":0,"height":0}},"499":{"xOffset":0,"yOffset":0,"xAdvance":0,"rect":{"x":40,"y":218,"width":0,"height":0}},"500":{"xOffset":0,"yOffset":0,"xAdvance":0,"rect":{"x":42,"y":208,"width":0,"height":0}},"501":{"xOffset":0,"yOffset":0,"xAdvance":0,"rect":{"x":42,"y":206,"width":0,"height":0}},"502":{"xOffset":0,"yOffset":0,"xAdvance":0,"rect":{"x":42,"y":204,"width":0,"height":0}},"503":{"xOffset":0,"yOffset":0,"xAdvance":0,"rect":{"x":42,"y":202,"width":0,"height":0}},"504":{"xOffset":0,"yOffset":0,"xAdvance":0,"rect":{"x":42,"y":200,"width":0,"height":0}},"505":{"xOffset":0,"yOffset":0,"xAdvance":0,"rect":{"x":42,"y":198,"width":0,"height":0}},"506":{"xOffset":1,"yOffset":-4,"xAdvance":26,"rect":{"x":44,"y":280,"width":28,"height":44}},"507":{"xOffset":2,"yOffset":2,"xAdvance":22,"rect":{"x":268,"y":282,"width":22,"height":38}},"508":{"xOffset":1,"yOffset":0,"xAdvance":38,"rect":{"x":2,"y":2,"width":40,"height":40}},"509":{"xOffset":2,"yOffset":6,"xAdvance":35,"rect":{"x":252,"y":2,"width":34,"height":34}},"510":{"xOffset":2,"yOffset":-1,"xAdvance":28,"rect":{"x":76,"y":306,"width":26,"height":42}},"511":{"xOffset":2,"yOffset":6,"xAdvance":23,"rect":{"x":494,"y":196,"width":22,"height":36}},"512":{"xOffset":0,"yOffset":0,"xAdvance":0,"rect":{"x":42,"y":196,"width":0,"height":0}},"513":{"xOffset":0,"yOffset":0,"xAdvance":0,"rect":{"x":42,"y":194,"width":0,"height":0}},"514":{"xOffset":0,"yOffset":0,"xAdvance":0,"rect":{"x":42,"y":192,"width":0,"height":0}},"515":{"xOffset":0,"yOffset":0,"xAdvance":0,"rect":{"x":42,"y":190,"width":0,"height":0}},"516":{"xOffset":0,"yOffset":0,"xAdvance":0,"rect":{"x":42,"y":188,"width":0,"height":0}},"517":{"xOffset":0,"yOffset":0,"xAdvance":0,"rect":{"x":42,"y":186,"width":0,"height":0}},"518":{"xOffset":0,"yOffset":0,"xAdvance":0,"rect":{"x":42,"y":184,"width":0,"height":0}},"519":{"xOffset":0,"yOffset":0,"xAdvance":0,"rect":{"x":42,"y":182,"width":0,"height":0}},"520":{"xOffset":0,"yOffset":0,"xAdvance":0,"rect":{"x":42,"y":180,"width":0,"height":0}},"521":{"xOffset":0,"yOffset":0,"xAdvance":0,"rect":{"x":42,"y":178,"width":0,"height":0}},"522":{"xOffset":0,"yOffset":0,"xAdvance":0,"rect":{"x":42,"y":176,"width":0,"height":0}},"523":{"xOffset":0,"yOffset":0,"xAdvance":0,"rect":{"x":42,"y":174,"width":0,"height":0}},"524":{"xOffset":0,"yOffset":0,"xAdvance":0,"rect":{"x":42,"y":172,"width":0,"height":0}},"525":{"xOffset":0,"yOffset":0,"xAdvance":0,"rect":{"x":42,"y":170,"width":0,"height":0}},"526":{"xOffset":0,"yOffset":0,"xAdvance":0,"rect":{"x":42,"y":168,"width":0,"height":0}},"527":{"xOffset":0,"yOffset":0,"xAdvance":0,"rect":{"x":42,"y":166,"width":0,"height":0}},"528":{"xOffset":0,"yOffset":0,"xAdvance":0,"rect":{"x":42,"y":164,"width":0,"height":0}},"529":{"xOffset":0,"yOffset":0,"xAdvance":0,"rect":{"x":42,"y":162,"width":0,"height":0}},"530":{"xOffset":0,"yOffset":0,"xAdvance":0,"rect":{"x":42,"y":160,"width":0,"height":0}},"531":{"xOffset":0,"yOffset":0,"xAdvance":0,"rect":{"x":42,"y":158,"width":0,"height":0}},"532":{"xOffset":0,"yOffset":0,"xAdvance":0,"rect":{"x":42,"y":156,"width":0,"height":0}},"533":{"xOffset":0,"yOffset":0,"xAdvance":0,"rect":{"x":42,"y":154,"width":0,"height":0}},"534":{"xOffset":0,"yOffset":0,"xAdvance":0,"rect":{"x":42,"y":152,"width":0,"height":0}},"535":{"xOffset":0,"yOffset":0,"xAdvance":0,"rect":{"x":42,"y":150,"width":0,"height":0}},"536":{"xOffset":2,"yOffset":7,"xAdvance":25,"rect":{"x":192,"y":120,"width":24,"height":42}},"537":{"xOffset":2,"yOffset":15,"xAdvance":21,"rect":{"x":268,"y":602,"width":22,"height":34}},"538":{"xOffset":0,"yOffset":0,"xAdvance":0,"rect":{"x":42,"y":148,"width":0,"height":0}},"539":{"xOffset":0,"yOffset":0,"xAdvance":0,"rect":{"x":42,"y":146,"width":0,"height":0}},"540":{"xOffset":0,"yOffset":0,"xAdvance":0,"rect":{"x":42,"y":144,"width":0,"height":0}},"541":{"xOffset":0,"yOffset":0,"xAdvance":0,"rect":{"x":42,"y":142,"width":0,"height":0}},"542":{"xOffset":0,"yOffset":0,"xAdvance":0,"rect":{"x":42,"y":140,"width":0,"height":0}},"543":{"xOffset":0,"yOffset":0,"xAdvance":0,"rect":{"x":42,"y":138,"width":0,"height":0}},"544":{"xOffset":0,"yOffset":0,"xAdvance":0,"rect":{"x":42,"y":136,"width":0,"height":0}},"545":{"xOffset":0,"yOffset":0,"xAdvance":0,"rect":{"x":42,"y":134,"width":0,"height":0}},"546":{"xOffset":0,"yOffset":0,"xAdvance":0,"rect":{"x":42,"y":132,"width":0,"height":0}},"547":{"xOffset":0,"yOffset":0,"xAdvance":0,"rect":{"x":42,"y":130,"width":0,"height":0}},"548":{"xOffset":0,"yOffset":0,"xAdvance":0,"rect":{"x":42,"y":128,"width":0,"height":0}},"549":{"xOffset":0,"yOffset":0,"xAdvance":0,"rect":{"x":42,"y":126,"width":0,"height":0}},"550":{"xOffset":0,"yOffset":0,"xAdvance":0,"rect":{"x":42,"y":124,"width":0,"height":0}},"551":{"xOffset":0,"yOffset":0,"xAdvance":0,"rect":{"x":42,"y":122,"width":0,"height":0}},"552":{"xOffset":0,"yOffset":0,"xAdvance":0,"rect":{"x":42,"y":120,"width":0,"height":0}},"553":{"xOffset":0,"yOffset":0,"xAdvance":0,"rect":{"x":42,"y":118,"width":0,"height":0}},"554":{"xOffset":0,"yOffset":0,"xAdvance":0,"rect":{"x":42,"y":116,"width":0,"height":0}},"555":{"xOffset":0,"yOffset":0,"xAdvance":0,"rect":{"x":42,"y":114,"width":0,"height":0}},"556":{"xOffset":0,"yOffset":0,"xAdvance":0,"rect":{"x":42,"y":112,"width":0,"height":0}},"557":{"xOffset":0,"yOffset":0,"xAdvance":0,"rect":{"x":42,"y":110,"width":0,"height":0}},"558":{"xOffset":0,"yOffset":0,"xAdvance":0,"rect":{"x":42,"y":108,"width":0,"height":0}},"559":{"xOffset":0,"yOffset":0,"xAdvance":0,"rect":{"x":42,"y":106,"width":0,"height":0}},"560":{"xOffset":0,"yOffset":0,"xAdvance":0,"rect":{"x":42,"y":104,"width":0,"height":0}},"561":{"xOffset":0,"yOffset":0,"xAdvance":0,"rect":{"x":42,"y":102,"width":0,"height":0}},"562":{"xOffset":0,"yOffset":0,"xAdvance":0,"rect":{"x":42,"y":100,"width":0,"height":0}},"563":{"xOffset":0,"yOffset":0,"xAdvance":0,"rect":{"x":42,"y":98,"width":0,"height":0}},"564":{"xOffset":0,"yOffset":0,"xAdvance":0,"rect":{"x":42,"y":96,"width":0,"height":0}},"565":{"xOffset":0,"yOffset":0,"xAdvance":0,"rect":{"x":42,"y":94,"width":0,"height":0}},"566":{"xOffset":0,"yOffset":0,"xAdvance":0,"rect":{"x":42,"y":92,"width":0,"height":0}},"567":{"xOffset":-1,"yOffset":16,"xAdvance":12,"rect":{"x":686,"y":44,"width":14,"height":32}},"568":{"xOffset":0,"yOffset":0,"xAdvance":0,"rect":{"x":42,"y":90,"width":0,"height":0}},"569":{"xOffset":0,"yOffset":0,"xAdvance":0,"rect":{"x":42,"y":88,"width":0,"height":0}},"570":{"xOffset":0,"yOffset":0,"xAdvance":0,"rect":{"x":42,"y":86,"width":0,"height":0}},"571":{"xOffset":0,"yOffset":0,"xAdvance":0,"rect":{"x":42,"y":84,"width":0,"height":0}},"572":{"xOffset":0,"yOffset":0,"xAdvance":0,"rect":{"x":42,"y":82,"width":0,"height":0}},"573":{"xOffset":0,"yOffset":0,"xAdvance":0,"rect":{"x":42,"y":80,"width":0,"height":0}},"574":{"xOffset":0,"yOffset":0,"xAdvance":0,"rect":{"x":42,"y":78,"width":0,"height":0}},"575":{"xOffset":0,"yOffset":0,"xAdvance":0,"rect":{"x":42,"y":76,"width":0,"height":0}},"576":{"xOffset":0,"yOffset":0,"xAdvance":0,"rect":{"x":42,"y":74,"width":0,"height":0}},"577":{"xOffset":0,"yOffset":0,"xAdvance":0,"rect":{"x":42,"y":72,"width":0,"height":0}},"578":{"xOffset":0,"yOffset":0,"xAdvance":0,"rect":{"x":42,"y":70,"width":0,"height":0}},"579":{"xOffset":0,"yOffset":0,"xAdvance":0,"rect":{"x":42,"y":68,"width":0,"height":0}},"580":{"xOffset":0,"yOffset":0,"xAdvance":0,"rect":{"x":42,"y":66,"width":0,"height":0}},"581":{"xOffset":0,"yOffset":0,"xAdvance":0,"rect":{"x":42,"y":64,"width":0,"height":0}},"582":{"xOffset":0,"yOffset":0,"xAdvance":0,"rect":{"x":42,"y":62,"width":0,"height":0}},"583":{"xOffset":0,"yOffset":0,"xAdvance":0,"rect":{"x":42,"y":60,"width":0,"height":0}},"584":{"xOffset":0,"yOffset":0,"xAdvance":0,"rect":{"x":42,"y":58,"width":0,"height":0}},"585":{"xOffset":0,"yOffset":0,"xAdvance":0,"rect":{"x":42,"y":56,"width":0,"height":0}},"586":{"xOffset":0,"yOffset":0,"xAdvance":0,"rect":{"x":42,"y":54,"width":0,"height":0}},"587":{"xOffset":0,"yOffset":0,"xAdvance":0,"rect":{"x":42,"y":52,"width":0,"height":0}},"588":{"xOffset":0,"yOffset":0,"xAdvance":0,"rect":{"x":42,"y":50,"width":0,"height":0}},"589":{"xOffset":0,"yOffset":0,"xAdvance":0,"rect":{"x":42,"y":48,"width":0,"height":0}},"590":{"xOffset":0,"yOffset":0,"xAdvance":0,"rect":{"x":42,"y":46,"width":0,"height":0}},"591":{"xOffset":0,"yOffset":0,"xAdvance":0,"rect":{"x":42,"y":44,"width":0,"height":0}},"7680":{"xOffset":1,"yOffset":7,"xAdvance":26,"rect":{"x":548,"y":2,"width":28,"height":40}},"7681":{"xOffset":2,"yOffset":15,"xAdvance":22,"rect":{"x":436,"y":402,"width":22,"height":32}},"7682":{"xOffset":0,"yOffset":0,"xAdvance":0,"rect":{"x":38,"y":406,"width":0,"height":0}},"7683":{"xOffset":0,"yOffset":0,"xAdvance":0,"rect":{"x":42,"y":404,"width":0,"height":0}},"7684":{"xOffset":0,"yOffset":0,"xAdvance":0,"rect":{"x":40,"y":404,"width":0,"height":0}},"7685":{"xOffset":0,"yOffset":0,"xAdvance":0,"rect":{"x":38,"y":404,"width":0,"height":0}},"7686":{"xOffset":0,"yOffset":0,"xAdvance":0,"rect":{"x":42,"y":402,"width":0,"height":0}},"7687":{"xOffset":0,"yOffset":0,"xAdvance":0,"rect":{"x":40,"y":402,"width":0,"height":0}},"7688":{"xOffset":0,"yOffset":0,"xAdvance":0,"rect":{"x":38,"y":402,"width":0,"height":0}},"7689":{"xOffset":0,"yOffset":0,"xAdvance":0,"rect":{"x":42,"y":400,"width":0,"height":0}},"7690":{"xOffset":0,"yOffset":0,"xAdvance":0,"rect":{"x":40,"y":400,"width":0,"height":0}},"7691":{"xOffset":0,"yOffset":0,"xAdvance":0,"rect":{"x":38,"y":400,"width":0,"height":0}},"7692":{"xOffset":0,"yOffset":0,"xAdvance":0,"rect":{"x":42,"y":398,"width":0,"height":0}},"7693":{"xOffset":0,"yOffset":0,"xAdvance":0,"rect":{"x":40,"y":398,"width":0,"height":0}},"7694":{"xOffset":0,"yOffset":0,"xAdvance":0,"rect":{"x":38,"y":398,"width":0,"height":0}},"7695":{"xOffset":0,"yOffset":0,"xAdvance":0,"rect":{"x":42,"y":396,"width":0,"height":0}},"7696":{"xOffset":0,"yOffset":0,"xAdvance":0,"rect":{"x":40,"y":396,"width":0,"height":0}},"7697":{"xOffset":0,"yOffset":0,"xAdvance":0,"rect":{"x":38,"y":396,"width":0,"height":0}},"7698":{"xOffset":0,"yOffset":0,"xAdvance":0,"rect":{"x":42,"y":394,"width":0,"height":0}},"7699":{"xOffset":0,"yOffset":0,"xAdvance":0,"rect":{"x":40,"y":394,"width":0,"height":0}},"7700":{"xOffset":0,"yOffset":0,"xAdvance":0,"rect":{"x":38,"y":394,"width":0,"height":0}},"7701":{"xOffset":0,"yOffset":0,"xAdvance":0,"rect":{"x":42,"y":392,"width":0,"height":0}},"7702":{"xOffset":0,"yOffset":0,"xAdvance":0,"rect":{"x":40,"y":392,"width":0,"height":0}},"7703":{"xOffset":0,"yOffset":0,"xAdvance":0,"rect":{"x":38,"y":392,"width":0,"height":0}},"7704":{"xOffset":0,"yOffset":0,"xAdvance":0,"rect":{"x":42,"y":390,"width":0,"height":0}},"7705":{"xOffset":0,"yOffset":0,"xAdvance":0,"rect":{"x":40,"y":390,"width":0,"height":0}},"7706":{"xOffset":0,"yOffset":0,"xAdvance":0,"rect":{"x":38,"y":390,"width":0,"height":0}},"7707":{"xOffset":0,"yOffset":0,"xAdvance":0,"rect":{"x":42,"y":388,"width":0,"height":0}},"7708":{"xOffset":0,"yOffset":0,"xAdvance":0,"rect":{"x":40,"y":388,"width":0,"height":0}},"7709":{"xOffset":0,"yOffset":0,"xAdvance":0,"rect":{"x":38,"y":388,"width":0,"height":0}},"7710":{"xOffset":0,"yOffset":0,"xAdvance":0,"rect":{"x":42,"y":386,"width":0,"height":0}},"7711":{"xOffset":0,"yOffset":0,"xAdvance":0,"rect":{"x":40,"y":386,"width":0,"height":0}},"7712":{"xOffset":0,"yOffset":0,"xAdvance":0,"rect":{"x":38,"y":386,"width":0,"height":0}},"7713":{"xOffset":0,"yOffset":0,"xAdvance":0,"rect":{"x":42,"y":384,"width":0,"height":0}},"7714":{"xOffset":0,"yOffset":0,"xAdvance":0,"rect":{"x":40,"y":384,"width":0,"height":0}},"7715":{"xOffset":0,"yOffset":0,"xAdvance":0,"rect":{"x":38,"y":384,"width":0,"height":0}},"7716":{"xOffset":0,"yOffset":0,"xAdvance":0,"rect":{"x":42,"y":382,"width":0,"height":0}},"7717":{"xOffset":0,"yOffset":0,"xAdvance":0,"rect":{"x":40,"y":382,"width":0,"height":0}},"7718":{"xOffset":0,"yOffset":0,"xAdvance":0,"rect":{"x":38,"y":382,"width":0,"height":0}},"7719":{"xOffset":0,"yOffset":0,"xAdvance":0,"rect":{"x":42,"y":380,"width":0,"height":0}},"7720":{"xOffset":0,"yOffset":0,"xAdvance":0,"rect":{"x":40,"y":380,"width":0,"height":0}},"7721":{"xOffset":0,"yOffset":0,"xAdvance":0,"rect":{"x":42,"y":378,"width":0,"height":0}},"7722":{"xOffset":0,"yOffset":0,"xAdvance":0,"rect":{"x":40,"y":378,"width":0,"height":0}},"7723":{"xOffset":0,"yOffset":0,"xAdvance":0,"rect":{"x":38,"y":380,"width":0,"height":0}},"7724":{"xOffset":0,"yOffset":0,"xAdvance":0,"rect":{"x":38,"y":378,"width":0,"height":0}},"7725":{"xOffset":0,"yOffset":0,"xAdvance":0,"rect":{"x":42,"y":376,"width":0,"height":0}},"7726":{"xOffset":0,"yOffset":0,"xAdvance":0,"rect":{"x":40,"y":376,"width":0,"height":0}},"7727":{"xOffset":0,"yOffset":0,"xAdvance":0,"rect":{"x":38,"y":376,"width":0,"height":0}},"7728":{"xOffset":0,"yOffset":0,"xAdvance":0,"rect":{"x":42,"y":374,"width":0,"height":0}},"7729":{"xOffset":0,"yOffset":0,"xAdvance":0,"rect":{"x":40,"y":374,"width":0,"height":0}},"7730":{"xOffset":0,"yOffset":0,"xAdvance":0,"rect":{"x":38,"y":374,"width":0,"height":0}},"7731":{"xOffset":0,"yOffset":0,"xAdvance":0,"rect":{"x":42,"y":372,"width":0,"height":0}},"7732":{"xOffset":0,"yOffset":0,"xAdvance":0,"rect":{"x":40,"y":372,"width":0,"height":0}},"7733":{"xOffset":0,"yOffset":0,"xAdvance":0,"rect":{"x":38,"y":372,"width":0,"height":0}},"7734":{"xOffset":0,"yOffset":0,"xAdvance":0,"rect":{"x":42,"y":370,"width":0,"height":0}},"7735":{"xOffset":0,"yOffset":0,"xAdvance":0,"rect":{"x":40,"y":370,"width":0,"height":0}},"7736":{"xOffset":0,"yOffset":0,"xAdvance":0,"rect":{"x":38,"y":370,"width":0,"height":0}},"7737":{"xOffset":0,"yOffset":0,"xAdvance":0,"rect":{"x":42,"y":368,"width":0,"height":0}},"7738":{"xOffset":0,"yOffset":0,"xAdvance":0,"rect":{"x":40,"y":368,"width":0,"height":0}},"7739":{"xOffset":0,"yOffset":0,"xAdvance":0,"rect":{"x":38,"y":368,"width":0,"height":0}},"7740":{"xOffset":0,"yOffset":0,"xAdvance":0,"rect":{"x":42,"y":366,"width":0,"height":0}},"7741":{"xOffset":0,"yOffset":0,"xAdvance":0,"rect":{"x":40,"y":366,"width":0,"height":0}},"7742":{"xOffset":3,"yOffset":0,"xAdvance":35,"rect":{"x":178,"y":2,"width":32,"height":40}},"7743":{"xOffset":3,"yOffset":6,"xAdvance":35,"rect":{"x":324,"y":2,"width":34,"height":34}},"7744":{"xOffset":0,"yOffset":0,"xAdvance":0,"rect":{"x":38,"y":366,"width":0,"height":0}},"7745":{"xOffset":0,"yOffset":0,"xAdvance":0,"rect":{"x":42,"y":364,"width":0,"height":0}},"7746":{"xOffset":0,"yOffset":0,"xAdvance":0,"rect":{"x":40,"y":364,"width":0,"height":0}},"7747":{"xOffset":0,"yOffset":0,"xAdvance":0,"rect":{"x":38,"y":364,"width":0,"height":0}},"7748":{"xOffset":0,"yOffset":0,"xAdvance":0,"rect":{"x":42,"y":362,"width":0,"height":0}},"7749":{"xOffset":0,"yOffset":0,"xAdvance":0,"rect":{"x":40,"y":362,"width":0,"height":0}},"7750":{"xOffset":0,"yOffset":0,"xAdvance":0,"rect":{"x":38,"y":362,"width":0,"height":0}},"7751":{"xOffset":0,"yOffset":0,"xAdvance":0,"rect":{"x":42,"y":360,"width":0,"height":0}},"7752":{"xOffset":0,"yOffset":0,"xAdvance":0,"rect":{"x":40,"y":360,"width":0,"height":0}},"7753":{"xOffset":0,"yOffset":0,"xAdvance":0,"rect":{"x":38,"y":360,"width":0,"height":0}},"7754":{"xOffset":0,"yOffset":0,"xAdvance":0,"rect":{"x":42,"y":358,"width":0,"height":0}},"7755":{"xOffset":0,"yOffset":0,"xAdvance":0,"rect":{"x":40,"y":358,"width":0,"height":0}},"7756":{"xOffset":0,"yOffset":0,"xAdvance":0,"rect":{"x":38,"y":358,"width":0,"height":0}},"7757":{"xOffset":0,"yOffset":0,"xAdvance":0,"rect":{"x":42,"y":356,"width":0,"height":0}},"7758":{"xOffset":0,"yOffset":0,"xAdvance":0,"rect":{"x":40,"y":356,"width":0,"height":0}},"7759":{"xOffset":0,"yOffset":0,"xAdvance":0,"rect":{"x":38,"y":356,"width":0,"height":0}},"7760":{"xOffset":0,"yOffset":0,"xAdvance":0,"rect":{"x":42,"y":354,"width":0,"height":0}},"7761":{"xOffset":0,"yOffset":0,"xAdvance":0,"rect":{"x":40,"y":354,"width":0,"height":0}},"7762":{"xOffset":0,"yOffset":0,"xAdvance":0,"rect":{"x":38,"y":354,"width":0,"height":0}},"7763":{"xOffset":0,"yOffset":0,"xAdvance":0,"rect":{"x":42,"y":352,"width":0,"height":0}},"7764":{"xOffset":0,"yOffset":0,"xAdvance":0,"rect":{"x":40,"y":352,"width":0,"height":0}},"7765":{"xOffset":0,"yOffset":0,"xAdvance":0,"rect":{"x":38,"y":352,"width":0,"height":0}},"7766":{"xOffset":0,"yOffset":0,"xAdvance":0,"rect":{"x":42,"y":350,"width":0,"height":0}},"7767":{"xOffset":0,"yOffset":0,"xAdvance":0,"rect":{"x":40,"y":350,"width":0,"height":0}},"7768":{"xOffset":0,"yOffset":0,"xAdvance":0,"rect":{"x":38,"y":350,"width":0,"height":0}},"7769":{"xOffset":0,"yOffset":0,"xAdvance":0,"rect":{"x":42,"y":348,"width":0,"height":0}},"7770":{"xOffset":0,"yOffset":0,"xAdvance":0,"rect":{"x":40,"y":348,"width":0,"height":0}},"7771":{"xOffset":0,"yOffset":0,"xAdvance":0,"rect":{"x":38,"y":348,"width":0,"height":0}},"7772":{"xOffset":0,"yOffset":0,"xAdvance":0,"rect":{"x":42,"y":346,"width":0,"height":0}},"7773":{"xOffset":0,"yOffset":0,"xAdvance":0,"rect":{"x":40,"y":346,"width":0,"height":0}},"7774":{"xOffset":0,"yOffset":0,"xAdvance":0,"rect":{"x":38,"y":346,"width":0,"height":0}},"7775":{"xOffset":0,"yOffset":0,"xAdvance":0,"rect":{"x":42,"y":344,"width":0,"height":0}},"7776":{"xOffset":0,"yOffset":0,"xAdvance":0,"rect":{"x":40,"y":344,"width":0,"height":0}},"7777":{"xOffset":0,"yOffset":0,"xAdvance":0,"rect":{"x":38,"y":344,"width":0,"height":0}},"7778":{"xOffset":0,"yOffset":0,"xAdvance":0,"rect":{"x":42,"y":342,"width":0,"height":0}},"7779":{"xOffset":0,"yOffset":0,"xAdvance":0,"rect":{"x":40,"y":342,"width":0,"height":0}},"7780":{"xOffset":0,"yOffset":0,"xAdvance":0,"rect":{"x":38,"y":342,"width":0,"height":0}},"7781":{"xOffset":0,"yOffset":0,"xAdvance":0,"rect":{"x":42,"y":340,"width":0,"height":0}},"7782":{"xOffset":0,"yOffset":0,"xAdvance":0,"rect":{"x":40,"y":340,"width":0,"height":0}},"7783":{"xOffset":0,"yOffset":0,"xAdvance":0,"rect":{"x":38,"y":340,"width":0,"height":0}},"7784":{"xOffset":0,"yOffset":0,"xAdvance":0,"rect":{"x":42,"y":338,"width":0,"height":0}},"7785":{"xOffset":0,"yOffset":0,"xAdvance":0,"rect":{"x":40,"y":338,"width":0,"height":0}},"7786":{"xOffset":0,"yOffset":0,"xAdvance":0,"rect":{"x":42,"y":336,"width":0,"height":0}},"7787":{"xOffset":0,"yOffset":0,"xAdvance":0,"rect":{"x":40,"y":336,"width":0,"height":0}},"7788":{"xOffset":0,"yOffset":0,"xAdvance":0,"rect":{"x":38,"y":338,"width":0,"height":0}},"7789":{"xOffset":0,"yOffset":0,"xAdvance":0,"rect":{"x":38,"y":336,"width":0,"height":0}},"7790":{"xOffset":0,"yOffset":0,"xAdvance":0,"rect":{"x":42,"y":334,"width":0,"height":0}},"7791":{"xOffset":0,"yOffset":0,"xAdvance":0,"rect":{"x":40,"y":334,"width":0,"height":0}},"7792":{"xOffset":0,"yOffset":0,"xAdvance":0,"rect":{"x":38,"y":334,"width":0,"height":0}},"7793":{"xOffset":0,"yOffset":0,"xAdvance":0,"rect":{"x":42,"y":332,"width":0,"height":0}},"7794":{"xOffset":0,"yOffset":0,"xAdvance":0,"rect":{"x":40,"y":332,"width":0,"height":0}},"7795":{"xOffset":0,"yOffset":0,"xAdvance":0,"rect":{"x":38,"y":332,"width":0,"height":0}},"7796":{"xOffset":0,"yOffset":0,"xAdvance":0,"rect":{"x":42,"y":330,"width":0,"height":0}},"7797":{"xOffset":0,"yOffset":0,"xAdvance":0,"rect":{"x":40,"y":330,"width":0,"height":0}},"7798":{"xOffset":0,"yOffset":0,"xAdvance":0,"rect":{"x":38,"y":330,"width":0,"height":0}},"7799":{"xOffset":0,"yOffset":0,"xAdvance":0,"rect":{"x":42,"y":328,"width":0,"height":0}},"7800":{"xOffset":0,"yOffset":0,"xAdvance":0,"rect":{"x":40,"y":328,"width":0,"height":0}},"7801":{"xOffset":0,"yOffset":0,"xAdvance":0,"rect":{"x":38,"y":328,"width":0,"height":0}},"7802":{"xOffset":0,"yOffset":0,"xAdvance":0,"rect":{"x":42,"y":326,"width":0,"height":0}},"7803":{"xOffset":0,"yOffset":0,"xAdvance":0,"rect":{"x":40,"y":326,"width":0,"height":0}},"7804":{"xOffset":0,"yOffset":0,"xAdvance":0,"rect":{"x":38,"y":326,"width":0,"height":0}},"7805":{"xOffset":0,"yOffset":0,"xAdvance":0,"rect":{"x":42,"y":324,"width":0,"height":0}},"7806":{"xOffset":0,"yOffset":0,"xAdvance":0,"rect":{"x":40,"y":324,"width":0,"height":0}},"7807":{"xOffset":0,"yOffset":0,"xAdvance":0,"rect":{"x":38,"y":324,"width":0,"height":0}},"7808":{"xOffset":1,"yOffset":0,"xAdvance":36,"rect":{"x":2,"y":128,"width":38,"height":40}},"7809":{"xOffset":1,"yOffset":8,"xAdvance":30,"rect":{"x":346,"y":44,"width":32,"height":32}},"7810":{"xOffset":1,"yOffset":0,"xAdvance":36,"rect":{"x":2,"y":86,"width":38,"height":40}},"7811":{"xOffset":1,"yOffset":8,"xAdvance":30,"rect":{"x":312,"y":44,"width":32,"height":32}},"7812":{"xOffset":1,"yOffset":2,"xAdvance":36,"rect":{"x":2,"y":170,"width":38,"height":38}},"7813":{"xOffset":1,"yOffset":8,"xAdvance":30,"rect":{"x":278,"y":44,"width":32,"height":32}},"7814":{"xOffset":0,"yOffset":0,"xAdvance":0,"rect":{"x":42,"y":322,"width":0,"height":0}},"7815":{"xOffset":0,"yOffset":0,"xAdvance":0,"rect":{"x":40,"y":322,"width":0,"height":0}},"7816":{"xOffset":0,"yOffset":0,"xAdvance":0,"rect":{"x":38,"y":322,"width":0,"height":0}},"7817":{"xOffset":0,"yOffset":0,"xAdvance":0,"rect":{"x":42,"y":320,"width":0,"height":0}},"7818":{"xOffset":0,"yOffset":0,"xAdvance":0,"rect":{"x":40,"y":320,"width":0,"height":0}},"7819":{"xOffset":0,"yOffset":0,"xAdvance":0,"rect":{"x":38,"y":320,"width":0,"height":0}},"7820":{"xOffset":0,"yOffset":0,"xAdvance":0,"rect":{"x":42,"y":318,"width":0,"height":0}},"7821":{"xOffset":0,"yOffset":0,"xAdvance":0,"rect":{"x":40,"y":318,"width":0,"height":0}},"7822":{"xOffset":0,"yOffset":0,"xAdvance":0,"rect":{"x":38,"y":318,"width":0,"height":0}},"7823":{"xOffset":0,"yOffset":0,"xAdvance":0,"rect":{"x":42,"y":316,"width":0,"height":0}},"7824":{"xOffset":0,"yOffset":0,"xAdvance":0,"rect":{"x":40,"y":316,"width":0,"height":0}},"7825":{"xOffset":0,"yOffset":0,"xAdvance":0,"rect":{"x":38,"y":316,"width":0,"height":0}},"7826":{"xOffset":0,"yOffset":0,"xAdvance":0,"rect":{"x":42,"y":314,"width":0,"height":0}},"7827":{"xOffset":0,"yOffset":0,"xAdvance":0,"rect":{"x":40,"y":314,"width":0,"height":0}},"7828":{"xOffset":0,"yOffset":0,"xAdvance":0,"rect":{"x":38,"y":314,"width":0,"height":0}},"7829":{"xOffset":0,"yOffset":0,"xAdvance":0,"rect":{"x":42,"y":312,"width":0,"height":0}},"7830":{"xOffset":0,"yOffset":0,"xAdvance":0,"rect":{"x":40,"y":312,"width":0,"height":0}},"7831":{"xOffset":0,"yOffset":0,"xAdvance":0,"rect":{"x":38,"y":312,"width":0,"height":0}},"7832":{"xOffset":0,"yOffset":0,"xAdvance":0,"rect":{"x":42,"y":310,"width":0,"height":0}},"7833":{"xOffset":0,"yOffset":0,"xAdvance":0,"rect":{"x":40,"y":310,"width":0,"height":0}},"7834":{"xOffset":0,"yOffset":0,"xAdvance":0,"rect":{"x":38,"y":310,"width":0,"height":0}},"7835":{"xOffset":0,"yOffset":0,"xAdvance":0,"rect":{"x":42,"y":308,"width":0,"height":0}},"7836":{"xOffset":0,"yOffset":0,"xAdvance":0,"rect":{"x":40,"y":308,"width":0,"height":0}},"7837":{"xOffset":0,"yOffset":0,"xAdvance":0,"rect":{"x":38,"y":308,"width":0,"height":0}},"7838":{"xOffset":0,"yOffset":0,"xAdvance":0,"rect":{"x":42,"y":306,"width":0,"height":0}},"7839":{"xOffset":0,"yOffset":0,"xAdvance":0,"rect":{"x":40,"y":306,"width":0,"height":0}},"7840":{"xOffset":1,"yOffset":8,"xAdvance":26,"rect":{"x":106,"y":200,"width":28,"height":38}},"7841":{"xOffset":2,"yOffset":14,"xAdvance":22,"rect":{"x":436,"y":368,"width":22,"height":32}},"7842":{"xOffset":1,"yOffset":-2,"xAdvance":26,"rect":{"x":76,"y":132,"width":28,"height":42}},"7843":{"xOffset":2,"yOffset":4,"xAdvance":22,"rect":{"x":614,"y":196,"width":22,"height":36}},"7844":{"xOffset":1,"yOffset":-2,"xAdvance":26,"rect":{"x":44,"y":236,"width":30,"height":42}},"7845":{"xOffset":2,"yOffset":4,"xAdvance":22,"rect":{"x":568,"y":78,"width":28,"height":36}},"7846":{"xOffset":-1,"yOffset":-2,"xAdvance":26,"rect":{"x":44,"y":192,"width":30,"height":42}},"7847":{"xOffset":-3,"yOffset":4,"xAdvance":22,"rect":{"x":538,"y":78,"width":28,"height":36}},"7848":{"xOffset":1,"yOffset":-2,"xAdvance":26,"rect":{"x":76,"y":88,"width":28,"height":42}},"7849":{"xOffset":2,"yOffset":4,"xAdvance":22,"rect":{"x":566,"y":120,"width":26,"height":36}},"7850":{"xOffset":1,"yOffset":-4,"xAdvance":26,"rect":{"x":44,"y":464,"width":28,"height":44}},"7851":{"xOffset":2,"yOffset":2,"xAdvance":22,"rect":{"x":292,"y":274,"width":22,"height":38}},"7852":{"xOffset":1,"yOffset":0,"xAdvance":26,"rect":{"x":44,"y":144,"width":28,"height":46}},"7853":{"xOffset":2,"yOffset":6,"xAdvance":22,"rect":{"x":244,"y":490,"width":22,"height":40}},"7854":{"xOffset":1,"yOffset":-2,"xAdvance":26,"rect":{"x":76,"y":44,"width":28,"height":42}},"7855":{"xOffset":2,"yOffset":4,"xAdvance":22,"rect":{"x":590,"y":196,"width":22,"height":36}},"7856":{"xOffset":1,"yOffset":-4,"xAdvance":26,"rect":{"x":44,"y":418,"width":28,"height":44}},"7857":{"xOffset":2,"yOffset":0,"xAdvance":22,"rect":{"x":244,"y":448,"width":22,"height":40}},"7858":{"xOffset":1,"yOffset":-6,"xAdvance":26,"rect":{"x":44,"y":96,"width":28,"height":46}},"7859":{"xOffset":2,"yOffset":0,"xAdvance":22,"rect":{"x":244,"y":406,"width":22,"height":40}},"7860":{"xOffset":1,"yOffset":-4,"xAdvance":26,"rect":{"x":44,"y":372,"width":28,"height":44}},"7861":{"xOffset":2,"yOffset":2,"xAdvance":22,"rect":{"x":292,"y":234,"width":22,"height":38}},"7862":{"xOffset":1,"yOffset":0,"xAdvance":26,"rect":{"x":44,"y":48,"width":28,"height":46}},"7863":{"xOffset":2,"yOffset":6,"xAdvance":22,"rect":{"x":244,"y":364,"width":22,"height":40}},"7864":{"xOffset":3,"yOffset":8,"xAdvance":23,"rect":{"x":268,"y":562,"width":22,"height":38}},"7865":{"xOffset":2,"yOffset":14,"xAdvance":21,"rect":{"x":412,"y":572,"width":22,"height":32}},"7866":{"xOffset":3,"yOffset":-2,"xAdvance":23,"rect":{"x":168,"y":438,"width":22,"height":42}},"7867":{"xOffset":2,"yOffset":4,"xAdvance":21,"rect":{"x":566,"y":196,"width":22,"height":36}},"7868":{"xOffset":3,"yOffset":0,"xAdvance":23,"rect":{"x":244,"y":322,"width":22,"height":40}},"7869":{"xOffset":2,"yOffset":6,"xAdvance":21,"rect":{"x":388,"y":268,"width":22,"height":34}},"7870":{"xOffset":3,"yOffset":-2,"xAdvance":23,"rect":{"x":76,"y":570,"width":26,"height":42}},"7871":{"xOffset":2,"yOffset":4,"xAdvance":21,"rect":{"x":538,"y":120,"width":26,"height":36}},"7872":{"xOffset":-2,"yOffset":-2,"xAdvance":23,"rect":{"x":76,"y":526,"width":26,"height":42}},"7873":{"xOffset":-4,"yOffset":4,"xAdvance":21,"rect":{"x":510,"y":120,"width":26,"height":36}},"7874":{"xOffset":3,"yOffset":-2,"xAdvance":23,"rect":{"x":192,"y":296,"width":24,"height":42}},"7875":{"xOffset":2,"yOffset":4,"xAdvance":21,"rect":{"x":292,"y":196,"width":24,"height":36}},"7876":{"xOffset":3,"yOffset":-4,"xAdvance":23,"rect":{"x":168,"y":260,"width":22,"height":44}},"7877":{"xOffset":2,"yOffset":2,"xAdvance":21,"rect":{"x":268,"y":522,"width":22,"height":38}},"7878":{"xOffset":3,"yOffset":0,"xAdvance":23,"rect":{"x":168,"y":120,"width":22,"height":46}},"7879":{"xOffset":2,"yOffset":6,"xAdvance":21,"rect":{"x":244,"y":280,"width":22,"height":40}},"7880":{"xOffset":4,"yOffset":-2,"xAdvance":12,"rect":{"x":512,"y":570,"width":10,"height":42}},"7881":{"xOffset":3,"yOffset":4,"xAdvance":11,"rect":{"x":526,"y":596,"width":10,"height":36}},"7882":{"xOffset":3,"yOffset":8,"xAdvance":12,"rect":{"x":526,"y":556,"width":10,"height":38}},"7883":{"xOffset":3,"yOffset":6,"xAdvance":11,"rect":{"x":526,"y":474,"width":10,"height":40}},"7884":{"xOffset":2,"yOffset":9,"xAdvance":28,"rect":{"x":218,"y":120,"width":26,"height":38}},"7885":{"xOffset":2,"yOffset":15,"xAdvance":23,"rect":{"x":412,"y":538,"width":22,"height":32}},"7886":{"xOffset":2,"yOffset":-2,"xAdvance":28,"rect":{"x":76,"y":482,"width":26,"height":42}},"7887":{"xOffset":2,"yOffset":4,"xAdvance":23,"rect":{"x":542,"y":196,"width":22,"height":36}},"7888":{"xOffset":2,"yOffset":-4,"xAdvance":28,"rect":{"x":44,"y":2,"width":30,"height":44}},"7889":{"xOffset":2,"yOffset":4,"xAdvance":23,"rect":{"x":508,"y":78,"width":28,"height":36}},"7890":{"xOffset":0,"yOffset":-4,"xAdvance":28,"rect":{"x":2,"y":554,"width":30,"height":44}},"7891":{"xOffset":-3,"yOffset":4,"xAdvance":23,"rect":{"x":478,"y":78,"width":28,"height":36}},"7892":{"xOffset":2,"yOffset":-4,"xAdvance":28,"rect":{"x":44,"y":326,"width":28,"height":44}},"7893":{"xOffset":2,"yOffset":4,"xAdvance":23,"rect":{"x":482,"y":120,"width":26,"height":36}},"7894":{"xOffset":2,"yOffset":-4,"xAdvance":28,"rect":{"x":76,"y":176,"width":26,"height":44}},"7895":{"xOffset":2,"yOffset":2,"xAdvance":23,"rect":{"x":268,"y":482,"width":22,"height":38}},"7896":{"xOffset":2,"yOffset":1,"xAdvance":28,"rect":{"x":44,"y":510,"width":26,"height":46}},"7897":{"xOffset":2,"yOffset":7,"xAdvance":23,"rect":{"x":244,"y":238,"width":22,"height":40}},"7898":{"xOffset":2,"yOffset":0,"xAdvance":29,"rect":{"x":144,"y":2,"width":32,"height":40}},"7899":{"xOffset":2,"yOffset":6,"xAdvance":24,"rect":{"x":272,"y":160,"width":26,"height":34}},"7900":{"xOffset":2,"yOffset":0,"xAdvance":29,"rect":{"x":110,"y":2,"width":32,"height":40}},"7901":{"xOffset":2,"yOffset":6,"xAdvance":24,"rect":{"x":244,"y":160,"width":26,"height":34}},"7902":{"xOffset":2,"yOffset":-2,"xAdvance":29,"rect":{"x":2,"y":510,"width":32,"height":42}},"7903":{"xOffset":2,"yOffset":4,"xAdvance":24,"rect":{"x":454,"y":120,"width":26,"height":36}},"7904":{"xOffset":2,"yOffset":0,"xAdvance":29,"rect":{"x":76,"y":2,"width":32,"height":40}},"7905":{"xOffset":2,"yOffset":6,"xAdvance":23,"rect":{"x":364,"y":268,"width":22,"height":34}},"7906":{"xOffset":2,"yOffset":4,"xAdvance":29,"rect":{"x":2,"y":466,"width":32,"height":42}},"7907":{"xOffset":2,"yOffset":13,"xAdvance":24,"rect":{"x":654,"y":120,"width":26,"height":34}},"7908":{"xOffset":3,"yOffset":9,"xAdvance":28,"rect":{"x":654,"y":78,"width":26,"height":38}},"7909":{"xOffset":3,"yOffset":14,"xAdvance":23,"rect":{"x":412,"y":504,"width":22,"height":32}},"7910":{"xOffset":3,"yOffset":-2,"xAdvance":28,"rect":{"x":76,"y":438,"width":26,"height":42}},"7911":{"xOffset":3,"yOffset":4,"xAdvance":23,"rect":{"x":518,"y":196,"width":22,"height":36}},"7912":{"xOffset":3,"yOffset":0,"xAdvance":29,"rect":{"x":2,"y":424,"width":34,"height":40}},"7913":{"xOffset":3,"yOffset":6,"xAdvance":23,"rect":{"x":424,"y":120,"width":28,"height":34}},"7914":{"xOffset":3,"yOffset":0,"xAdvance":29,"rect":{"x":2,"y":382,"width":34,"height":40}},"7915":{"xOffset":3,"yOffset":6,"xAdvance":23,"rect":{"x":394,"y":120,"width":28,"height":34}},"7916":{"xOffset":3,"yOffset":-2,"xAdvance":29,"rect":{"x":2,"y":296,"width":34,"height":42}},"7917":{"xOffset":3,"yOffset":4,"xAdvance":23,"rect":{"x":448,"y":78,"width":28,"height":36}},"7918":{"xOffset":3,"yOffset":0,"xAdvance":29,"rect":{"x":2,"y":340,"width":34,"height":40}},"7919":{"xOffset":3,"yOffset":6,"xAdvance":23,"rect":{"x":364,"y":120,"width":28,"height":34}},"7920":{"xOffset":3,"yOffset":5,"xAdvance":29,"rect":{"x":2,"y":252,"width":34,"height":42}},"7921":{"xOffset":3,"yOffset":12,"xAdvance":23,"rect":{"x":334,"y":120,"width":28,"height":34}},"7922":{"xOffset":1,"yOffset":0,"xAdvance":26,"rect":{"x":518,"y":2,"width":28,"height":40}},"7923":{"xOffset":1,"yOffset":6,"xAdvance":21,"rect":{"x":192,"y":252,"width":24,"height":42}},"7924":{"xOffset":1,"yOffset":8,"xAdvance":26,"rect":{"x":106,"y":160,"width":28,"height":38}},"7925":{"xOffset":1,"yOffset":16,"xAdvance":21,"rect":{"x":380,"y":196,"width":24,"height":34}},"7926":{"xOffset":1,"yOffset":-2,"xAdvance":26,"rect":{"x":44,"y":558,"width":28,"height":42}},"7927":{"xOffset":1,"yOffset":4,"xAdvance":21,"rect":{"x":106,"y":280,"width":24,"height":44}},"7928":{"xOffset":1,"yOffset":0,"xAdvance":26,"rect":{"x":488,"y":2,"width":28,"height":40}},"7929":{"xOffset":1,"yOffset":6,"xAdvance":21,"rect":{"x":192,"y":208,"width":24,"height":42}},"7930":{"xOffset":0,"yOffset":0,"xAdvance":0,"rect":{"x":38,"y":306,"width":0,"height":0}},"7931":{"xOffset":0,"yOffset":0,"xAdvance":0,"rect":{"x":42,"y":304,"width":0,"height":0}},"7932":{"xOffset":0,"yOffset":0,"xAdvance":0,"rect":{"x":40,"y":304,"width":0,"height":0}},"7933":{"xOffset":0,"yOffset":0,"xAdvance":0,"rect":{"x":38,"y":304,"width":0,"height":0}},"7934":{"xOffset":0,"yOffset":0,"xAdvance":0,"rect":{"x":42,"y":302,"width":0,"height":0}},"7935":{"xOffset":0,"yOffset":0,"xAdvance":0,"rect":{"x":40,"y":302,"width":0,"height":0}}},"kerningDict":{"2228258":-2,"2228263":-2,"2228289":-2,"2228323":-1,"2228324":-1,"2228325":-1,"2228327":-1,"2228335":-1,"2228337":-1,"2228416":-2,"2228417":-2,"2228418":-2,"2228419":-2,"2228420":-2,"2228421":-2,"2228455":-1,"2228456":-1,"2228457":-1,"2228458":-1,"2228459":-1,"2228466":-1,"2228467":-1,"2228468":-1,"2228469":-1,"2228470":-1,"2228563":-1,"2555938":-2,"2555943":-2,"2555969":-2,"2556003":-1,"2556004":-1,"2556005":-1,"2556007":-1,"2556015":-1,"2556017":-1,"2556096":-2,"2556097":-2,"2556098":-2,"2556099":-2,"2556100":-2,"2556101":-2,"2556135":-1,"2556136":-1,"2556137":-1,"2556138":-1,"2556139":-1,"2556146":-1,"2556147":-1,"2556148":-1,"2556149":-1,"2556150":-1,"2556243":-1,"4259874":-1,"4259879":-1,"4259903":-1,"4259924":-2,"4259926":-1,"4259927":-1,"4259929":-1,"4260216":-1,"4325465":-1,"4325752":-1,"4456492":-1,"4456494":-1,"4456506":-1,"4587564":-4,"4587566":-4,"4587578":-4,"4587585":-1,"4587712":-1,"4587713":-1,"4587714":-1,"4587715":-1,"4587716":-1,"4587717":-1,"4915245":-1,"4915319":-1,"4980770":-2,"4980775":-2,"4980803":-1,"4980807":-1,"4980815":-1,"4980817":-1,"4980820":-5,"4980821":-1,"4980822":-3,"4980823":-2,"4980825":-4,"4980854":-2,"4980855":-1,"4980857":-2,"4980935":-1,"4980946":-1,"4980947":-1,"4980948":-1,"4980949":-1,"4980950":-1,"4980952":-1,"4980953":-1,"4980954":-1,"4980955":-1,"4980956":-1,"4980991":-2,"4981074":-1,"4981112":-4,"5177388":-1,"5177390":-1,"5177402":-1,"5242924":-6,"5242926":-6,"5242938":-6,"5242945":-2,"5243072":-2,"5243073":-2,"5243074":-2,"5243075":-2,"5243076":-2,"5243077":-2,"5243078":-1,"5374036":-1,"5505068":-4,"5505069":-4,"5505070":-4,"5505082":-4,"5505089":-1,"5505121":-2,"5505123":-1,"5505124":-1,"5505125":-1,"5505127":-1,"5505133":-2,"5505134":-2,"5505135":-1,"5505136":-2,"5505137":-1,"5505138":-1,"5505139":-2,"5505141":-1,"5505142":-1,"5505143":-1,"5505144":-1,"5505145":-1,"5505146":-1,"5505195":-6,"5505211":-4,"5505216":-1,"5505217":-1,"5505218":-1,"5505219":-1,"5505220":-1,"5505221":-1,"5505222":-3,"5505248":-2,"5505249":-2,"5505250":-2,"5505251":-2,"5505252":-2,"5505253":-2,"5505254":-2,"5505255":-1,"5505256":-1,"5505257":-1,"5505258":-1,"5505259":-1,"5505265":-2,"5505266":-1,"5505267":-1,"5505268":-1,"5505269":-1,"5505270":-1,"5505272":-1,"5505273":-1,"5505274":-1,"5505275":-1,"5505276":-1,"5505279":-1,"5505363":-1,"5636140":-4,"5636142":-4,"5636154":-4,"5636161":-1,"5636288":-1,"5636289":-1,"5636290":-1,"5636291":-1,"5636292":-1,"5636293":-1,"5701676":-2,"5701677":-1,"5701678":-2,"5701690":-2,"5832748":-4,"5832749":-1,"5832750":-4,"5832762":-4,"5832769":-1,"5832778":-1,"5832789":-1,"5832801":-1,"5832803":-1,"5832804":-1,"5832805":-1,"5832807":-1,"5832815":-1,"5832817":-1,"5832819":-1,"5832875":-1,"5832896":-1,"5832897":-1,"5832898":-1,"5832899":-1,"5832900":-1,"5832901":-1,"5832902":-1,"5832921":-1,"5832922":-1,"5832923":-1,"5832924":-1,"5832928":-1,"5832929":-1,"5832930":-1,"5832931":-1,"5832932":-1,"5832933":-1,"5832934":-1,"5832935":-1,"5832936":-1,"5832937":-1,"5832938":-1,"5832939":-1,"5832946":-1,"5832947":-1,"5832948":-1,"5832949":-1,"5832950":-1,"5832952":-1,"5833043":-1,"6357026":-1,"6357031":-1,"7471148":-2,"7471150":-2,"7471162":-2,"7733292":-2,"7733294":-2,"7733306":-2,"7798828":-2,"7798830":-2,"7798842":-2,"7929900":-2,"7929902":-2,"7929914":-2,"12582946":-1,"12582951":-1,"12582975":-1,"12582996":-2,"12582998":-1,"12582999":-1,"12583001":-1,"12583288":-1,"12648482":-1,"12648487":-1,"12648511":-1,"12648532":-2,"12648534":-1,"12648535":-1,"12648537":-1,"12648824":-1,"12714018":-1,"12714023":-1,"12714047":-1,"12714068":-2,"12714070":-1,"12714071":-1,"12714073":-1,"12714360":-1,"12779554":-1,"12779559":-1,"12779583":-1,"12779604":-2,"12779606":-1,"12779607":-1,"12779609":-1,"12779896":-1,"12845090":-1,"12845095":-1,"12845119":-1,"12845140":-2,"12845142":-1,"12845143":-1,"12845145":-1,"12845432":-1,"12910626":-1,"12910631":-1,"12910655":-1,"12910676":-2,"12910678":-1,"12910679":-1,"12910681":-1,"12910968":-1,"13762604":-1,"13762606":-1,"13762618":-1,"13828140":-1,"13828142":-1,"13828154":-1,"13893676":-1,"13893678":-1,"13893690":-1,"13959212":-1,"13959214":-1,"13959226":-1,"14024748":-1,"14024750":-1,"14024762":-1,"14680098":-1,"14680103":-1,"14745634":-1,"14745639":-1,"14811170":-1,"14811175":-1,"14876706":-1,"14876711":-1,"14942242":-1,"14942247":-1,"15007778":-1,"15007783":-1,"16711724":-2,"16711726":-2,"16711738":-2,"24641580":-4,"24641581":-1,"24641582":-4,"24641594":-4,"24641601":-1,"24641610":-1,"24641621":-1,"24641633":-1,"24641635":-1,"24641636":-1,"24641637":-1,"24641639":-1,"24641647":-1,"24641649":-1,"24641651":-1,"24641707":-1,"24641728":-1,"24641729":-1,"24641730":-1,"24641731":-1,"24641732":-1,"24641733":-1,"24641734":-1,"24641753":-1,"24641754":-1,"24641755":-1,"24641756":-1,"24641760":-1,"24641761":-1,"24641762":-1,"24641763":-1,"24641764":-1,"24641765":-1,"24641766":-1,"24641767":-1,"24641768":-1,"24641769":-1,"24641770":-1,"24641771":-1,"24641778":-1,"24641779":-1,"24641780":-1,"24641781":-1,"24641782":-1,"24641784":-1,"24641875":-1}}]],0,0,[0],[1],[1]]]]