[1,["ecpdLyjvZBwrvm+cedCcQy","c2CN3DfmFIqY9uDiD9TGiH","bcJovVO5ZHHJC7jo3Jzpj+","71VhFCTINJM6/Ky3oX9nBT","4dzp31rz5CmbMwauCPJRuy","7a/QZLET9IDreTiBfRn2PD","289Zyyu95HkKfsB3BWiUn5","66Ib+r3vhFM4V11P966QgC","1b2BYbRadGF68f3Up8BqOi","14G1+h95BFAKrV+kUC0IA6","818liS5lZMprqnrfOeU38L","d2UF05wGFLo6d7qg6OFB2V","29FYIk+N1GYaeWH/q1NxQO","75lHLCK11CP5AVIfhEBzIm","6aH2ingbNKK6qVlGFscnLp","a1+2aUGzFF4K02PmfILzUH","8a22g4Q7xBZbr0fSj/+vJU"],["node","_textureSetter","_spriteFrame","_parent","spriteProgress","nodeSlider","lbTips","lblStatus","lb_Info","loadingBar","loadingNode","scene","_N$skeletonData","manifestUrl","_N$file","_normalMaterial","_N$disabledSprite"],[["cc.Node",["_name","_active","_id","_objFlags","_components","_contentSize","_parent","_trs","_children"],-1,9,5,1,7,2],"cc.SpriteFrame",["cc.Sprite",["_sizeMode","_type","_enabled","_fillRange","_materials","node","_spriteFrame"],-1,3,1,6],["cc.Node",["_name","_active","_parent","_components","_contentSize","_trs","_children","_color"],1,1,2,5,7,12,5],["cc.Widget",["_alignFlags","_bottom","_originalWidth","_originalHeight","node"],-1,1],["cc.Label",["_fontSize","_N$horizontalAlign","_N$verticalAlign","_string","_lineHeight","_isSystemFontUsed","_styleFlags","_materials","node"],-4,3,1],["cc.SceneAsset",["_name","asyncLoadAssets"],1],["cc.Node",["_name","_active","_parent","_components","_contentSize","_trs"],1,1,12,5,7],["cc.Canvas",["_fitWidth","_fitHeight","node","_designResolution"],1,1,5],["06c935DvwpCJ5nCCvhzAwFf",["node","lblStatus","lbTips","nodeSlider","spriteProgress"],3,1,1,1,1,1],["2ffa0G2dXNOEK/nOzR1EEZB",["node","loadingNode","loadingBar","lb_Info","manifestUrl"],3,1,1,1,1,6],["cc.Scene",["_name","_active","autoReleaseAssets","_children","_anchorPoint","_trs"],0,2,5,7],["sp.Skeleton",["defaultSkin","defaultAnimation","_preCacheMode","premultipliedAlpha","_animationName","node","_materials","_N$skeletonData"],-2,1,3,6],["cc.Camera",["_clearFlags","_depth","node"],1,1],["cc.Button",["_enabled","zoomScale","_N$enableAutoGrayEffect","_N$transition","node","_N$pressedColor","_N$disabledColor","_N$target"],-1,1,5,5,1],["cc.Slider",["_N$progress","node","_N$handle"],2,1,1]],[[0,0,6,4,5,7,2],[7,0,1,2,3,4,5,3],[4,0,1,4,3],[2,0,5,4,6,2],[2,5,4,6,1],[6,0,1,3],[0,0,2,8,4,5,7,3],[0,0,6,8,4,5,7,2],[0,0,3,6,5,3],[0,0,1,6,4,5,3],[0,0,6,4,7,2],[0,0,1,6,4,5,7,3],[0,0,6,4,5,2],[3,0,1,2,6,3,4,5,3],[3,0,2,3,7,4,5,2],[3,0,1,2,3,4,5,3],[8,0,1,2,3,3],[4,0,4,2],[4,0,2,3,4,4],[9,0,1,2,3,4,1],[10,0,1,2,3,4,1],[2,2,0,5,4,3],[2,1,0,5,4,6,3],[2,1,0,3,4,4],[5,3,0,1,2,7,5],[5,0,4,5,6,1,2,8,7,7],[11,0,1,2,3,4,5,4],[12,0,1,2,3,4,5,6,7,6],[13,0,1,2,3],[14,0,1,2,3,4,5,6,7,5],[15,0,1,2,2]],[[[{"name":"vipProgress","rect":[0,0,381,13],"offset":[0,0],"originalSize":[381,13],"capInsets":[0,0,0,0]}],[1],0,[0],[1],[2]],[[{"name":"default_btn_disabled","rect":[0,0,40,40],"offset":[0,0],"originalSize":[40,40],"capInsets":[12,12,12,12]}],[1],0,[0],[1],[3]],[[[5,"Loading",null],[6,"Canvas","d4GmlnA4lDI7yNFulvsP6z",[-12,-13,-14,-15,-16,-17],[[16,true,false,-1,[5,1560,720]],[17,45,-2],[19,-7,-6,-5,-4,-3],[20,-11,-10,-9,-8,16]],[5,1560,720],[780,360,0,0,0,0,1,1,1,1]],[7,"progress_bg",1,[-20,-21,-22,-23,-24],[[21,false,0,-18,[15]],[2,4,103.84800000000001,-19]],[5,1580,30],[0,-241.152,0,0,0,0,1,1,1,1]],[13,"New Slider",false,2,[[[8,"Background",512,-26,[5,300,20]],-27],4,1],[-25],[5,600,43],[2.535,-38.366,0,0,0,0,1,1,1,1]],[1,"Handle",false,3,[[[22,1,0,-28,[13],14],-29],4,1],[5,125.3333333,54],[300,0,0,0,0,0,1,1,1,0]],[9,"mobile-lobby-bg",false,1,[[3,0,-30,[0],1],[18,45,1280,720,-31]],[5,1560,720]],[23,3,0,1,[10]],[24,"Đang Tải Game...",35,1,1,[11]],[1,"lbTips",false,2,[[-32,[2,4,-6.698,-33]],1,4],[5,5.313914035497251,31.5],[0,-28.448,0,0,0,0,1,1,1,0.6]],[26,"New Node",false,true,[1],[0,0,0],[0,0,0,0,0,0,1,1,1,1]],[0,"BGR_Game",1,[[27,"default","animation",0,false,"animation",-34,[2],3]],[5,1948,1120],[-19,0,0,0,0,0,1,1,1,1]],[10,"Main Camera",1,[[28,7,-1,-35]],[0,0,359.4005425705421,0,0,0,1,1,1,1]],[11,"Logo_images-2",false,1,[[4,-36,[4],5]],[5,463,533],[0,54.897,0,0,0,0,1,0.9,0.9,1]],[0,"Logo-fn",1,[[4,-37,[6],7]],[5,463,533],[0,58.677,0,0,0,0,1,1,1,1]],[12,"loadingBar",2,[[3,0,-38,[8],9]],[5,1580,12]],[14,"progress_fg",2,[6],[4,4294901736],[5,1560,8],[-0.054,0.07099999999999995,0,0,0,0,1,1,1,1]],[15,"LabelProgress",false,2,[7],[5,276.22,50.4],[5.881,-46.151,0,0,0,0,1,0.6,0.6,0.6]],[25,25,25,false,3,1,1,8,[12]],[29,false,1.1,true,3,4,[4,4294967295],[4,4294967295],4],[30,1,3,18]],0,[0,0,1,0,0,1,0,4,6,0,5,19,0,6,17,0,7,7,0,0,1,0,8,7,0,9,6,0,10,1,0,0,1,0,-1,5,0,-2,10,0,-3,11,0,-4,12,0,-5,13,0,-6,2,0,0,2,0,0,2,0,-1,14,0,-2,15,0,-3,16,0,-4,8,0,-5,3,0,-1,19,0,3,3,0,-2,4,0,0,4,0,-2,18,0,0,5,0,0,5,0,-1,17,0,0,8,0,0,10,0,0,11,0,0,12,0,0,13,0,0,14,0,11,9,1,3,9,6,0,15,7,0,16,38],[0,0,0,0,0,0,0,0,0,0,0,0,0,0,0,0,0,6,17,18,18],[-1,2,-1,12,-1,2,-1,2,-1,2,-1,-1,-1,-1,2,-1,13,2,14,15,16],[0,4,5,6,0,1,0,1,0,7,0,0,0,0,8,0,9,10,11,0,12]],[[{"name":"Bgr-game","rect":[0,0,1920,1080],"offset":[0,0],"originalSize":[1920,1080],"capInsets":[0,0,0,0]}],[1],0,[0],[1],[13]],[[{"name":"loadingBar","rect":[0,0,739,12],"offset":[0,0],"originalSize":[739,12],"capInsets":[0,0,0,0]}],[1],0,[0],[1],[14]],[[{"name":"loadingA","rect":[0,0,735,8],"offset":[0,0],"originalSize":[735,8],"capInsets":[0,0,0,0]}],[1],0,[0],[1],[15]],[[{"name":"Logo-fn","rect":[0,0,463,533],"offset":[0,0],"originalSize":[463,533],"capInsets":[0,0,0,0]}],[1],0,[0],[1],[16]]]]