[1,0,0,[["cc.AnimationClip",["_name","_duration","curveData"],0]],[[0,0,1,2,4]],[[0,"showBubbleChat",2.683333333333333,{"paths":{"chat":{"props":{"active":[{"frame":0,"value":true},{"frame":2.5166666666666666,"value":true},{"frame":2.683333333333333,"value":false}],"opacity":[{"frame":0,"value":255},{"frame":2.5166666666666666,"value":255},{"frame":2.683333333333333,"value":0}],"y":[{"frame":0,"value":0},{"frame":0.16666666666666666,"value":10},{"frame":0.3333333333333333,"value":0}],"scaleX":[{"frame":0,"value":1},{"frame":0.08333333333333333,"value":1.2},{"frame":0.16666666666666666,"value":1}],"scaleY":[{"frame":0,"value":1},{"frame":0.16666666666666666,"value":1.2},{"frame":0.25,"value":1}]}}}}]],0,0,[],[],[]]