[1,["59i0I7D/VNTJtDfHnCJHiG","990WxOudZECpB3hH20fW2t","35ehHvMldE7pxmjxWloTQ+"],0,[["sp.SkeletonData",["_name","_atlasText","textureNames","_skeletonJson","textures"],-1,3]],[[0,0,1,2,3,4,5]],[[0,"BGR_Game","\nBGR_Game.png\nsize: 1924,1905\nformat: RGBA8888\nfilter: Linear,Linear\nrepeat: none\nBackground\n  rotate: false\n  xy: 2, 2\n  size: 1920, 1080\n  orig: 1920, 1080\n  offset: 0, 0\n  index: -1\nColor Fill 1\n  rotate: true\n  xy: 452, 1738\n  size: 165, 243\n  orig: 165, 245\n  offset: 0, 1\n  index: -1\nLight_sang-2\n  rotate: true\n  xy: 1198, 1586\n  size: 317, 511\n  orig: 435, 664\n  offset: 0, 0\n  index: -1\nLight_sang-4\n  rotate: false\n  xy: 743, 1084\n  size: 860, 500\n  orig: 974, 610\n  offset: 111, 2\n  index: -1\nLight_sang_1\n  rotate: false\n  xy: 2, 1109\n  size: 739, 477\n  orig: 914, 620\n  offset: 2, 1\n  index: -1\nLight_sang_3\n  rotate: true\n  xy: 697, 1588\n  size: 315, 499\n  orig: 351, 559\n  offset: 36, 0\n  index: -1\nSao_bang\n  rotate: true\n  xy: 138, 1827\n  size: 76, 156\n  orig: 83, 165\n  offset: 3, 7\n  index: -1\nXoay\n  rotate: true\n  xy: 296, 1754\n  size: 149, 154\n  orig: 200, 200\n  offset: 21, 23\n  index: -1\nogk casino\n  rotate: false\n  xy: 2, 1849\n  size: 134, 54\n  orig: 139, 59\n  offset: 2, 2\n  index: -1\n\nBGR_Game2.png\nsize: 1924,1084\nformat: RGBA8888\nfilter: Linear,Linear\nrepeat: none\nNen\n  rotate: false\n  xy: 2, 2\n  size: 1920, 1080\n  orig: 1922, 1082\n  offset: 1, 1\n  index: -1\n\nBGR_Game3.png\nsize: 1924,1084\nformat: RGBA8888\nfilter: Linear,Linear\nrepeat: none\nNen-2\n  rotate: false\n  xy: 2, 2\n  size: 1920, 1080\n  orig: 1922, 1082\n  offset: 1, 1\n  index: -1\n",["BGR_Game.png","BGR_Game2.png","BGR_Game3.png"],{"skeleton":{"hash":"w1SVhiQyhM2HEOrQLQO15Q/A1t0","spine":"3.8.99","x":-963.84,"y":-539.07,"width":1948,"height":1120,"images":"","audio":"D:/DL-game/DESIGN-2024/Phong_vu/Job_thang/Animation_BGR"},"bones":[{"name":"root"},{"name":"Sao_bang","parent":"root","length":109.44,"rotation":-89.8,"x":37.72,"y":81.3},{"name":"ogk casino","parent":"root","x":-460.36,"y":105.09},{"name":"bone","parent":"root","length":850.85,"rotation":151.76,"x":-2.92,"y":-81.13},{"name":"Light_sang_1","parent":"root","length":675.68,"rotation":31.42,"x":80.5,"y":-80.18},{"name":"Light_sang-2","parent":"root","length":408.01,"rotation":60.24,"x":46.31,"y":-82.93},{"name":"Light_sang_3","parent":"root","length":355.44,"rotation":120.23,"x":32.18,"y":-82.93},{"name":"Sao_bang2","parent":"root","length":109.44,"rotation":-37.18,"x":-165.07,"y":69.85},{"name":"Sao_bang3","parent":"root","length":109.44,"rotation":-143.56,"x":245.77,"y":70.66},{"name":"Sao_bang4","parent":"root","length":109.44,"rotation":-163.57,"x":262.97,"y":-40.53},{"name":"Sao_bang5","parent":"root","length":109.44,"rotation":-14.82,"x":-256.15,"y":-40.53},{"name":"Light_nha","parent":"root","length":159.67,"rotation":90.63,"x":593.64,"y":115.45},{"name":"Xoay","parent":"root","x":362.19,"y":148.4,"scaleX":0.5598,"scaleY":0.5598}],"slots":[{"name":"Background","bone":"root","attachment":"Background"},{"name":"ogk casino","bone":"ogk casino","attachment":"ogk casino"},{"name":"Nen-2","bone":"root","attachment":"Nen-2"},{"name":"Nen","bone":"root","color":"ffffff7d","attachment":"Nen"},{"name":"Sao_bang","bone":"Sao_bang","attachment":"Sao_bang"},{"name":"Sao_bang2","bone":"Sao_bang2","attachment":"Sao_bang"},{"name":"Sao_bang3","bone":"Sao_bang3","attachment":"Sao_bang"},{"name":"Sao_bang4","bone":"Sao_bang4","attachment":"Sao_bang"},{"name":"Sao_bang5","bone":"Sao_bang5","attachment":"Sao_bang"},{"name":"Light_sang-4","bone":"bone","attachment":"Light_sang-4","blend":"screen"},{"name":"Light_sang_1","bone":"Light_sang_1","attachment":"Light_sang_1","blend":"screen"},{"name":"Light_sang-2","bone":"Light_sang-2","attachment":"Light_sang-2"},{"name":"Light_sang_3","bone":"Light_sang_3","attachment":"Light_sang_3"},{"name":"Light_nha","bone":"Light_nha","attachment":"Color Fill 1","blend":"screen"},{"name":"Xoay","bone":"Xoay","attachment":"Xoay","blend":"screen"}],"skins":[{"name":"default","attachments":{"Background":{"Background":{"x":-2.84,"y":1.93,"width":1920,"height":1080}},"Light_nha":{"Color Fill 1":{"x":45.85,"y":-4.04,"rotation":-90.63,"width":165,"height":245}},"Light_sang-2":{"Light_sang-2":{"x":395.23,"y":-22.65,"rotation":-60.24,"width":435,"height":664}},"Light_sang-4":{"Light_sang-4":{"x":556.24,"y":-36.16,"rotation":-151.76,"width":974,"height":610}},"Light_sang_1":{"Light_sang_1":{"x":540.48,"y":27.93,"rotation":-31.42,"width":914,"height":620}},"Light_sang_3":{"Light_sang_3":{"x":341.5,"y":8.46,"rotation":-120.23,"width":351,"height":559}},"Nen":{"Nen":{"x":-2.84,"y":1.93,"width":1922,"height":1082}},"Nen-2":{"Nen-2":{"x":-2.84,"y":1.93,"width":1922,"height":1082}},"Sao_bang":{"Sao_bang":{"x":77.01,"y":-3.06,"rotation":65.77,"width":83,"height":165}},"Sao_bang2":{"Sao_bang":{"x":77.01,"y":-3.06,"rotation":65.77,"width":83,"height":165}},"Sao_bang3":{"Sao_bang":{"x":77.01,"y":-3.06,"rotation":65.77,"width":83,"height":165}},"Sao_bang4":{"Sao_bang":{"x":77.01,"y":-3.06,"rotation":65.77,"width":83,"height":165}},"Sao_bang5":{"Sao_bang":{"x":77.01,"y":-3.06,"rotation":65.77,"width":83,"height":165}},"Xoay":{"Xoay":{"scaleX":0.8,"scaleY":0.8,"width":200,"height":200}},"ogk casino":{"ogk casino":{"x":-2.97,"y":4.33,"width":139,"height":59}}}}],"animations":{"animation":{"slots":{"Light_nha":{"color":[{"color":"ffffffff"},{"time":0.6667,"color":"ffffff55"},{"time":1.3333,"color":"ffffffff"},{"time":2,"color":"ffffff55"},{"time":2.6667,"color":"ffffffff"},{"time":3.3333,"color":"ffffff55"},{"time":4,"color":"ffffffff"}]},"Light_sang-4":{"color":[{"color":"ffffffff"},{"time":0.6667,"color":"ffffff6b"},{"time":1.3333,"color":"ffffffff"},{"time":2,"color":"ffffff6b"},{"time":2.6667,"color":"ffffffff"},{"time":3.3333,"color":"ffffff6b"},{"time":4,"color":"ffffffff"}]},"Light_sang_1":{"color":[{"color":"ffffffff"},{"time":0.6667,"color":"ffffff70"},{"time":1.3333,"color":"ffffffff"},{"time":2,"color":"ffffff70"},{"time":2.6667,"color":"ffffffff"},{"time":3.3333,"color":"ffffff70"},{"time":4,"color":"ffffffff"}]},"Sao_bang":{"color":[{"color":"ffffff00"},{"time":0.6667,"color":"ffffffff"},{"time":1.3333,"color":"ffffff00"}]},"Sao_bang2":{"color":[{"color":"ffffff00","curve":"stepped"},{"time":0.1667,"color":"ffffff00"},{"time":0.8333,"color":"ffffffff"},{"time":1.8333,"color":"ffffff00"}]},"Sao_bang3":{"color":[{"color":"ffffff00","curve":"stepped"},{"time":0.5,"color":"ffffff00"},{"time":1.1667,"color":"ffffffff"},{"time":2.1667,"color":"ffffff00"}]},"Sao_bang4":{"color":[{"color":"ffffff00","curve":"stepped"},{"time":0.6667,"color":"ffffff00"},{"time":1.3333,"color":"ffffffff"},{"time":2.3333,"color":"ffffff00"}]},"Sao_bang5":{"color":[{"color":"ffffff00","curve":"stepped"},{"time":0.3333,"color":"ffffff00"},{"time":1,"color":"ffffffff"},{"time":2,"color":"ffffff00"}]},"Xoay":{"color":[{"color":"ffffffff"},{"time":1,"color":"ffffff00"},{"time":2,"color":"ffffffff"},{"time":3,"color":"ffffff00"},{"time":4,"color":"ffffffff"}]},"ogk casino":{"color":[{"color":"ffffffff"},{"time":0.3333,"color":"ffffff7a"},{"time":0.6667,"color":"ffffffff"},{"time":1,"color":"ffffff7a"},{"time":1.3333,"color":"ffffffff"},{"time":1.6667,"color":"ffffff7a"},{"time":2,"color":"ffffffff"},{"time":2.3333,"color":"ffffff7a"},{"time":2.6667,"color":"ffffffff"},{"time":3,"color":"ffffff7a"},{"time":3.3333,"color":"ffffffff"},{"time":3.6667,"color":"ffffff7a"},{"time":4,"color":"ffffffff"}]}},"bones":{"Sao_bang":{"translate":[{"x":25.48,"y":-131.42},{"time":0.6667,"x":24.48,"y":150.8},{"time":1.3333,"x":23.69,"y":370.84},{"time":2,"x":23.38,"y":459.43},{"time":4,"x":25.48,"y":-131.42}]},"bone":{"rotate":[{"curve":0.25,"c3":0.75},{"time":0.6667,"angle":12.19,"curve":0.25,"c3":0.75},{"time":1.3333,"angle":-11.18,"curve":0.25,"c3":0.75},{"time":2,"angle":5.21,"curve":0.25,"c3":0.75},{"time":2.6667,"angle":-5.64,"curve":0.25,"c3":0.75},{"time":3.3333,"angle":2.39,"curve":0.25,"c3":0.75},{"time":4}],"scale":[{"time":0.6667},{"time":1.3333,"x":0.726},{"time":2,"curve":"stepped"},{"time":2.6667},{"time":3.3333,"x":0.726},{"time":4}]},"Light_sang_1":{"rotate":[{"angle":0.53,"curve":0.379,"c2":0.6,"c3":0.724},{"time":0.1667,"curve":0.25,"c3":0.75},{"time":0.8333,"angle":12.56,"curve":0.25,"c3":0.75},{"time":1.5,"angle":-14.01,"curve":0.25,"c3":0.75},{"time":2.1667,"angle":1.95,"curve":0.25,"c3":0.75},{"time":2.8333,"angle":-10.36,"curve":0.25,"c3":0.75},{"time":3.5,"angle":2.9,"curve":0.242,"c3":0.667,"c4":0.67},{"time":4,"angle":0.53}],"scale":[{"time":0.8333},{"time":1.5,"x":0.951},{"time":2.1667}]},"Light_sang-2":{"rotate":[{"angle":5.91,"curve":0.375,"c2":0.5,"c3":0.75},{"time":0.3333,"curve":0.25,"c3":0.75},{"time":1,"angle":18.23,"curve":0.25,"c3":0.75},{"time":1.6667,"angle":-2.49,"curve":0.25,"c3":0.75},{"time":2.3333,"angle":22.31,"curve":0.25,"c3":0.75},{"time":3,"angle":7.39,"curve":0.25,"c3":0.75},{"time":3.6667,"angle":11.81,"curve":0.25,"c3":0.625,"c4":0.5},{"time":4,"angle":5.91}],"scale":[{"time":0.6667},{"time":1.3333,"x":0.678},{"time":2}]},"Light_sang_3":{"rotate":[{"angle":0.51,"curve":0.369,"c2":0.63,"c3":0.706},{"time":0.1,"curve":0.25,"c3":0.75},{"time":0.7667,"angle":8.3,"curve":0.25,"c3":0.75},{"time":1.4333,"angle":-19.61,"curve":0.25,"c3":0.75},{"time":2.1,"angle":-0.67,"curve":0.25,"c3":0.75},{"time":2.7667,"angle":-10.97,"curve":0.25,"c3":0.75},{"time":3.4333,"angle":6.16,"curve":0.244,"c3":0.694,"c4":0.77},{"time":4,"angle":0.51}],"scale":[{},{"time":0.6667,"x":0.8},{"time":1.3333,"curve":"stepped"},{"time":2.6667},{"time":3.3333,"x":0.7},{"time":4}]},"Sao_bang2":{"translate":[{"x":89.88,"y":-76.25,"curve":"stepped"},{"time":0.1667,"x":89.88,"y":-76.25},{"time":0.8333,"x":-99.14,"y":67.13},{"time":1.5,"x":-271.99,"y":198.23},{"time":2.1667,"x":-579.21,"y":431.24},{"time":4,"x":89.88,"y":-76.25}]},"Sao_bang3":{"translate":[{"x":24.9,"y":11.76,"curve":"stepped"},{"time":0.5,"x":24.9,"y":11.76},{"time":1.1667,"x":234.84,"y":166.77},{"time":1.8333,"x":483.14,"y":350.12},{"time":2.5,"x":598.17,"y":435.06}]},"Sao_bang4":{"translate":[{"x":24.9,"y":11.76,"curve":"stepped"},{"time":0.6667,"x":24.9,"y":11.76},{"time":1.3333,"x":258.04,"y":80.49},{"time":2,"x":535.81,"y":162.38},{"time":2.6667,"x":701.21,"y":211.14}]},"Sao_bang5":{"translate":[{"x":24.9,"y":11.76,"curve":"stepped"},{"time":0.3333,"x":24.9,"y":11.76},{"time":1,"x":-247.37,"y":83.77},{"time":1.6667,"x":-587.29,"y":173.68},{"time":2.3333,"x":-705.33,"y":204.9}]},"Xoay":{"rotate":[{},{"time":1,"angle":-92.21},{"time":2,"angle":-172.55},{"time":3,"angle":85.3},{"time":4}]}}}}},[0,1,2]]],0,0,[0,0,0],[-1,-2,-3],[0,1,2]]